<?xml version="1.0" encoding="UTF-8"?>

<Appointment xmlns="http://hl7.org/fhir">
  <id value="ITBAppointment"/>
  <meta>
    <profile value="http://portal.wof.purified.link/fhir/StructureDefinition/ITBAppointment"/>
    <tag>
      <system value="http://portal.wof.purified.link/fhir/CodeSystem/csAvailableForCancellation"/>
      <code value="false"/>
    </tag>
    <tag>
      <system value="http://portal.wof.purified.link/fhir/CodeSystem/csAvailableForReschedule"/>
      <code value="false"/>
    </tag>
  </meta>
  <text>
    <status value="generated"/><div xmlns="http://www.w3.org/1999/xhtml"><p><b>Generated Narrative</b></p><p><b>identifier</b>: bookingId: 14</p><p><b>status</b>: booked</p><p><b>serviceType</b>: <span title="Codes: {http://opusdental.purified.link/fhir/CodeSystem/csBookingCategory bcbc1754-a399-48ba-8eec-10667f19a0d6}">bcbc1754-a399-48ba-8eec-10667f19a0d6</span>, <span title="Codes: {http://portal.wof.purified.link/fhir/CodeSystem/csServiceType itb-not-defined}">Booket besøk online</span></p><p><b>start</b>: Mar 4, 2021 3:25:00 PM</p><p><b>end</b>: Mar 4, 2021 3:55:00 PM</p><blockquote><p><b>participant</b></p><p><b>actor</b>: <a href="PractitionerRole/ecc708b6-95b2-4517-8644-e3b6c2180125">Tannlege Lena Larsson</a></p><p><b>status</b>: accepted</p></blockquote><blockquote><p><b>participant</b></p><p><b>actor</b>: <a href="HealthcareService/b81f2315-7476-45e8-9ae6-51f547e2d82e">Colosseum Tannlege Nationaltheatret</a></p><p><b>status</b>: accepted</p></blockquote><blockquote><p><b>participant</b></p><p><b>actor</b>: <a href="Device/2">Device</a></p><p><b>status</b>: accepted</p></blockquote><blockquote><p><b>participant</b></p><p><b>actor</b>: <a href="Patient/649">Patient</a></p><p><b>status</b>: accepted</p></blockquote></div>
  </text>
  <identifier>
    <type>
      <coding>
        <system value="http://opusdental.purified.link/fhir/CodeSystem/csOpusIdentifier"/>
        <code value="bookingId"/>
      </coding>
    </type>
    <system value="http://localhost:7001/http://localhost:7001/fc580e7c-7fd8-4acd-92e9-42cb052763d4/fhir/NamingSystem/nsbookingId"/>
    <value value="14"/>
  </identifier>
  <status value="booked"/>
  <serviceType>
    <coding>
      <system value="http://opusdental.purified.link/fhir/CodeSystem/csBookingCategory"/>
      <code value="bcbc1754-a399-48ba-8eec-10667f19a0d6"/>
    </coding>
  </serviceType>
  <serviceType>
    <coding>
      <system value="http://portal.wof.purified.link/fhir/CodeSystem/csServiceType"/>
      <code value="itb-not-defined"/>
      <display value="Booket besøk online"/>
    </coding>
    <text value="Booket besøk online"/>
  </serviceType>
  <start value="2021-03-04T14:25:00+00:00"/>
  <end value="2021-03-04T14:55:00+00:00"/>
  <participant>
    <actor>
      <reference value="PractitionerRole/ecc708b6-95b2-4517-8644-e3b6c2180125"/>
      <display value="Tannlege Lena Larsson"/>
    </actor>
    <status value="accepted"/>
  </participant>
  <participant>
    <actor>
      <reference value="HealthcareService/b81f2315-7476-45e8-9ae6-51f547e2d82e"/>
      <display value="Colosseum Tannlege Nationaltheatret"/>
    </actor>
    <status value="accepted"/>
  </participant>
  <participant>
    <actor>
      <reference value="Device/2"/>
      <display value="Device"/>
    </actor>
    <status value="accepted"/>
  </participant>
  <participant>
    <actor>
      <reference value="Patient/649"/>
      <display value="Patient"/>
    </actor>
    <status value="accepted"/>
  </participant>
</Appointment>