<?xml version="1.0" encoding="UTF-8"?>

<Schedule xmlns="http://hl7.org/fhir">
  <id value="ITBScheduleExample"/>
  <meta>
    <profile value="http://portal.wof.purified.link/fhir/StructureDefinition/ITBSchedule"/>
  </meta>
  <text>
    <status value="generated"/><div xmlns="http://www.w3.org/1999/xhtml"><p><b>Generated Narrative</b></p><p><b>serviceType</b>: <span title="Codes: {http://portal.wof.purified.link/fhir/CodeSystem/csServiceType blek-kampanje}">blek-kampanje</span></p><p><b>actor</b>: </p><ul><li><a href="HealthcareService/939970ef-5e09-4597-977c-d6ae56ac81c5">My clinic</a></li><li><a href="itbDev-colosseum-opus-sandvika/fhir/Practitioner/505">Tannpleier Anna Andersson</a></li><li><a href="itbDev-colosseum-opus-sandvika/fhir/Organization/578">itbDev-colosseum-opus-sandvika/fhir/Organization/578</a></li><li><a href="PractitionerRole/6194e8d0-2873-4569-915f-0ae8e4047854">Tannpleier Anna Andersson</a></li></ul><p><b>planningHorizon</b>: Apr 14, 2021 12:00:00 AM --&gt; May 19, 2021 12:00:00 AM</p></div>
  </text>
  <serviceType>
    <coding>
      <system value="http://portal.wof.purified.link/fhir/CodeSystem/csServiceType"/>
      <code value="blek-kampanje"/>
    </coding>
  </serviceType>
  <actor>
    <reference value="HealthcareService/939970ef-5e09-4597-977c-d6ae56ac81c5"/>
    <display value="My clinic"/>
  </actor>
  <actor>
    <reference value="itbDev-colosseum-opus-sandvika/fhir/Practitioner/505"/>
    <display value="Tannpleier Anna Andersson"/>
  </actor>
  <actor>
    <reference value="itbDev-colosseum-opus-sandvika/fhir/Organization/578"/>
  </actor>
  <actor>
    <reference value="PractitionerRole/6194e8d0-2873-4569-915f-0ae8e4047854"/>
    <display value="Tannpleier Anna Andersson"/>
  </actor>
  <planningHorizon>
    <start value="2021-04-13T22:00:00+00:00"/>
    <end value="2021-05-18T22:00:00+00:00"/>
  </planningHorizon>
</Schedule>