<?xml version="1.0" encoding="UTF-8"?><CodeSystem xmlns="http://hl7.org/fhir"><id value="itb-servicetypes"/><text><status value="generated"/><div xmlns="http://www.w3.org/1999/xhtml"><p>This code system http://portal.wof.purified.link/fhir/CodeSystem/itb-servicetypes defines the following codes:</p><table class="codes"><tr><td style="white-space:nowrap"><b>Code</b></td><td><b>Display</b></td></tr><tr><td style="white-space:nowrap">1<a name="itb-servicetypes-1"> </a></td><td>Profylax</td></tr><tr><td style="white-space:nowrap">2<a name="itb-servicetypes-2"> </a></td><td>Undersökning</td></tr><tr><td style="white-space:nowrap">3<a name="itb-servicetypes-3"> </a></td><td>Akut</td></tr><tr><td style="white-space:nowrap">0<a name="itb-servicetypes-0"> </a></td><td>Revision ospecificerad behandling</td></tr></table></div></text><url value="http://portal.wof.purified.link/fhir/CodeSystem/itb-servicetypes"/><version value="0.1.1"/><name value="ITBServiceTypes"/><title value="ITB Service Types"/><status value="active"/><date value="2021-04-23T17:11:57+02:00"/><publisher value="Service Well AB"/><contact><name value="Service Well AB"/><telecom><system value="url"/><value value="http://www.servicewell.se"/></telecom><telecom><system value="email"/><value value="kontakt@servicewell.se"/></telecom></contact><description value="ITB Service Types"/><content value="complete"/><count value="4"/><concept><code value="1"/><display value="Profylax"/></concept><concept><code value="2"/><display value="Unders&#xF6;kning"/></concept><concept><code value="3"/><display value="Akut"/></concept><concept><code value="0"/><display value="Revision ospecificerad behandling"/></concept></CodeSystem>