<?xml version="1.0" encoding="UTF-8"?><CodeSystem xmlns="http://hl7.org/fhir"><id value="csOpusIdentifier"/><text><status value="generated"/><div xmlns="http://www.w3.org/1999/xhtml"><p>This code system http://portal.wof.purified.link/fhir/CodeSystem/csOpusIdentifier defines the following codes:</p><table class="codes"><tr><td style="white-space:nowrap"><b>Code</b></td><td><b>Display</b></td></tr><tr><td style="white-space:nowrap">1<a name="csOpusIdentifier-1"> </a></td><td>patientId</td></tr></table></div></text><url value="http://portal.wof.purified.link/fhir/CodeSystem/csOpusIdentifier"/><version value="0.1.0"/><name value="OpusIdentifier"/><title value="Opus Identifiers"/><status value="active"/><date value="2021-12-10T13:56:52+01:00"/><description value="Opus Identifiers"/><content value="complete"/><count value="1"/><concept><code value="1"/><display value="patientId"/></concept></CodeSystem>