<?xml version="1.0" encoding="UTF-8"?><ImplementationGuide xmlns="http://hl7.org/fhir"><id value="portal.wof.purified.link"/><text><status value="extensions"/><div xmlns="http://www.w3.org/1999/xhtml"><h2>ITBImplementationGuide</h2><p>The official URL for this implementation guide is: </p><pre>http://portal.wof.purified.link/fhir/ImplementationGuide/portal.wof.purified.link</pre><div><p>Implementation Guide for ITB</p>
</div></div></text><url value="http://portal.wof.purified.link/fhir/ImplementationGuide/portal.wof.purified.link"/><version value="0.1.1"/><name value="ITBImplementationGuide"/><title value="ITB Implementation Guide"/><status value="draft"/><date value="2021-04-23T17:11:57+02:00"/><publisher value="Service Well AB"/><contact><name value="Service Well AB"/><telecom><system value="url"/><value value="http://www.servicewell.se"/></telecom><telecom><system value="email"/><value value="kontakt@servicewell.se"/></telecom></contact><description value="Implementation Guide for ITB"/><packageId value="portal.wof.purified.link"/><license value="CC0-1.0"/><fhirVersion value="4.0.1"/><definition><extension url="http://hl7.org/fhir/tools/StructureDefinition/ig-parameter"><extension url="code"><valueString value="copyrightyear"/></extension><extension url="value"><valueString value="2020+"/></extension></extension><extension url="http://hl7.org/fhir/tools/StructureDefinition/ig-parameter"><extension url="code"><valueString value="releaselabel"/></extension><extension url="value"><valueString value="Release Label"/></extension></extension><extension url="http://hl7.org/fhir/tools/StructureDefinition/ig-parameter"><extension url="code"><valueString value="show-inherited-invariants"/></extension><extension url="value"><valueString value="false"/></extension></extension><extension url="http://hl7.org/fhir/tools/StructureDefinition/ig-parameter"><extension url="code"><valueString value="path-liquid"/></extension><extension url="value"><valueString value="template/liquid"/></extension></extension><extension url="http://hl7.org/fhir/tools/StructureDefinition/ig-parameter"><extension url="code"><valueString value="path-liquid"/></extension><extension url="value"><valueString value="input/liquid"/></extension></extension><extension url="http://hl7.org/fhir/tools/StructureDefinition/ig-parameter"><extension url="code"><valueString value="path-qa"/></extension><extension url="value"><valueString value="temp/qa"/></extension></extension><extension url="http://hl7.org/fhir/tools/StructureDefinition/ig-parameter"><extension url="code"><valueString value="path-temp"/></extension><extension url="value"><valueString value="temp/pages"/></extension></extension><extension url="http://hl7.org/fhir/tools/StructureDefinition/ig-parameter"><extension url="code"><valueString value="path-output"/></extension><extension url="value"><valueString value="output"/></extension></extension><extension url="http://hl7.org/fhir/tools/StructureDefinition/ig-parameter"><extension url="code"><valueString value="path-suppressed-warnings"/></extension><extension url="value"><valueString value="input/ignoreWarnings.txt"/></extension></extension><extension url="http://hl7.org/fhir/tools/StructureDefinition/ig-parameter"><extension url="code"><valueString value="path-history"/></extension><extension url="value"><valueString value="http://portal.wof.purified.link/fhir/history.html"/></extension></extension><extension url="http://hl7.org/fhir/tools/StructureDefinition/ig-parameter"><extension url="code"><valueString value="template-html"/></extension><extension url="value"><valueString value="template-page.html"/></extension></extension><extension url="http://hl7.org/fhir/tools/StructureDefinition/ig-parameter"><extension url="code"><valueString value="template-md"/></extension><extension url="value"><valueString value="template-page-md.html"/></extension></extension><extension url="http://hl7.org/fhir/tools/StructureDefinition/ig-parameter"><extension url="code"><valueString value="apply-contact"/></extension><extension url="value"><valueString value="true"/></extension></extension><extension url="http://hl7.org/fhir/tools/StructureDefinition/ig-parameter"><extension url="code"><valueString value="apply-context"/></extension><extension url="value"><valueString value="true"/></extension></extension><extension url="http://hl7.org/fhir/tools/StructureDefinition/ig-parameter"><extension url="code"><valueString value="apply-copyright"/></extension><extension url="value"><valueString value="true"/></extension></extension><extension url="http://hl7.org/fhir/tools/StructureDefinition/ig-parameter"><extension url="code"><valueString value="apply-jurisdiction"/></extension><extension url="value"><valueString value="true"/></extension></extension><extension url="http://hl7.org/fhir/tools/StructureDefinition/ig-parameter"><extension url="code"><valueString value="apply-license"/></extension><extension url="value"><valueString value="true"/></extension></extension><extension url="http://hl7.org/fhir/tools/StructureDefinition/ig-parameter"><extension url="code"><valueString value="apply-publisher"/></extension><extension url="value"><valueString value="true"/></extension></extension><extension url="http://hl7.org/fhir/tools/StructureDefinition/ig-parameter"><extension url="code"><valueString value="apply-version"/></extension><extension url="value"><valueString value="true"/></extension></extension><extension url="http://hl7.org/fhir/tools/StructureDefinition/ig-parameter"><extension url="code"><valueString value="active-tables"/></extension><extension url="value"><valueString value="true"/></extension></extension><grouping id="_str_profile"><name value="Structures: Resource Profiles"/><description value="These define constraints on FHIR resources for systems conforming to this implementation guide"/></grouping><grouping id="_str_extension"><name value="Structures: Extension Definitions"/><description value="These define constraints on FHIR data types for systems conforming to this implementation guide"/></grouping><grouping id="_term_valueset"><name value="Terminology: Value Sets"/><description value="These define sets of codes used by systems conforming to this implementation guide"/></grouping><grouping id="_term_codesystem"><name value="Terminology: Code Systems"/><description value="These define new code systems used by systems conforming to this implementation guide"/></grouping><resource><extension url="http://hl7.org/fhir/StructureDefinition/implementationguide-page"><valueUri value="StructureDefinition-ITBAppointment.html"/></extension><reference><reference value="StructureDefinition/ITBAppointment"/></reference><name value="ITB Appointment"/><description value="ITBAppointment is used to handle  .."/><exampleBoolean value="false"/><groupingId value="_str_profile"/></resource><resource><extension url="http://hl7.org/fhir/StructureDefinition/implementationguide-page"><valueUri value="StructureDefinition-ITBHealthcareService.html"/></extension><reference><reference value="StructureDefinition/ITBHealthcareService"/></reference><name value="ITB HealthcareService"/><description value="ITBHealthcareService..."/><exampleBoolean value="false"/><groupingId value="_str_profile"/></resource><resource><extension url="http://hl7.org/fhir/StructureDefinition/implementationguide-page"><valueUri value="StructureDefinition-ITBOrganization.html"/></extension><reference><reference value="StructureDefinition/ITBOrganization"/></reference><name value="ITB Organization"/><description value="TBD"/><exampleBoolean value="false"/><groupingId value="_str_profile"/></resource><resource><extension url="http://hl7.org/fhir/StructureDefinition/implementationguide-page"><valueUri value="StructureDefinition-ITBPatient.html"/></extension><reference><reference value="StructureDefinition/ITBPatient"/></reference><name value="ITB Patient"/><exampleBoolean value="false"/><groupingId value="_str_profile"/></resource><resource><extension url="http://hl7.org/fhir/StructureDefinition/implementationguide-page"><valueUri value="StructureDefinition-ITBPractitionerRole.html"/></extension><reference><reference value="StructureDefinition/ITBPractitionerRole"/></reference><name value="ITB PractitionerRole"/><exampleBoolean value="false"/><groupingId value="_str_profile"/></resource><resource><extension url="http://hl7.org/fhir/StructureDefinition/implementationguide-page"><valueUri value="StructureDefinition-ITBSchedule.html"/></extension><reference><reference value="StructureDefinition/ITBSchedule"/></reference><name value="ITB Schedule"/><exampleBoolean value="false"/><groupingId value="_str_profile"/></resource><resource><extension url="http://hl7.org/fhir/StructureDefinition/implementationguide-page"><valueUri value="StructureDefinition-ITBSlot.html"/></extension><reference><reference value="StructureDefinition/ITBSlot"/></reference><name value="ITB Slot"/><exampleBoolean value="false"/><groupingId value="_str_profile"/></resource><resource><extension url="http://hl7.org/fhir/StructureDefinition/implementationguide-page"><valueUri value="StructureDefinition-NoITBPatient.html"/></extension><reference><reference value="StructureDefinition/NoITBPatient"/></reference><name value="Norweigan ITB Patient"/><description value="Patient based on Norweigan basis patient"/><exampleBoolean value="false"/><groupingId value="_str_profile"/></resource><resource><extension url="http://hl7.org/fhir/StructureDefinition/implementationguide-page"><valueUri value="StructureDefinition-SEITBPatient.html"/></extension><reference><reference value="StructureDefinition/SEITBPatient"/></reference><name value="Swedish ITB Patient"/><description value="Patient based on Swedish base profile"/><exampleBoolean value="false"/><groupingId value="_str_profile"/></resource><resource><extension url="http://hl7.org/fhir/StructureDefinition/implementationguide-page"><valueUri value="StructureDefinition-extBinaryReference.html"/></extension><reference><reference value="StructureDefinition/extBinaryReference"/></reference><name value="ITB Binary Reference Extension"/><description value="Extension used to be able to inlude binaries in the resource"/><exampleBoolean value="false"/><groupingId value="_str_extension"/></resource><resource><extension url="http://hl7.org/fhir/StructureDefinition/implementationguide-page"><valueUri value="ValueSet-role-codes.html"/></extension><reference><reference value="ValueSet/role-codes"/></reference><name value="ITB Role Codes"/><description value="This value set defines role codes"/><exampleBoolean value="false"/><groupingId value="_term_valueset"/></resource><resource><extension url="http://hl7.org/fhir/StructureDefinition/implementationguide-page"><valueUri value="ValueSet-service-types.html"/></extension><reference><reference value="ValueSet/service-types"/></reference><name value="ITB Service Types"/><description value="This value set defines service types"/><exampleBoolean value="false"/><groupingId value="_term_valueset"/></resource><resource><extension url="http://hl7.org/fhir/StructureDefinition/implementationguide-page"><valueUri value="ValueSet-speciality-codes.html"/></extension><reference><reference value="ValueSet/speciality-codes"/></reference><name value="ITB Speciality Codes"/><description value="This value set defines speciality code"/><exampleBoolean value="false"/><groupingId value="_term_valueset"/></resource><resource><extension url="http://hl7.org/fhir/StructureDefinition/implementationguide-page"><valueUri value="CodeSystem-itb-booking-categories.html"/></extension><reference><reference value="CodeSystem/itb-booking-categories"/></reference><name value="ITB Booking Categories"/><description value="ITB Booking Categories"/><exampleBoolean value="false"/><groupingId value="_term_codesystem"/></resource><resource><extension url="http://hl7.org/fhir/StructureDefinition/implementationguide-page"><valueUri value="CodeSystem-itb-servicetypes.html"/></extension><reference><reference value="CodeSystem/itb-servicetypes"/></reference><name value="ITB Service Types"/><description value="ITB Service Types"/><exampleBoolean value="false"/><groupingId value="_term_codesystem"/></resource><resource><extension url="http://hl7.org/fhir/StructureDefinition/implementationguide-page"><valueUri value="CodeSystem-practitioner-role-codes.html"/></extension><reference><reference value="CodeSystem/practitioner-role-codes"/></reference><name value="ITB Booking Categories"/><description value="ITB Booking Categories"/><exampleBoolean value="false"/><groupingId value="_term_codesystem"/></resource><page><nameUrl value="toc.html"/><title value="Table of Contents"/><generation value="html"/><page><nameUrl value="index.html"/><title value="Home"/><generation value="markdown"/></page><page><nameUrl value="codesystems.html"/><title value="Codesystems"/><generation value="markdown"/></page><page><nameUrl value="extensions.html"/><title value="Extensions"/><generation value="markdown"/></page><page><nameUrl value="profiles.html"/><title value="Profiles"/><generation value="markdown"/></page><page><nameUrl value="valuesets.html"/><title value="Valuesets"/><generation value="markdown"/></page><page><nameUrl value="artifacts.html"/><title value="Artifacts Summary"/><generation value="html"/><page><nameUrl value="StructureDefinition-ITBAppointment.html"/><title value="ITB Appointment"/><generation value="generated"/></page><page><nameUrl value="StructureDefinition-ITBHealthcareService.html"/><title value="ITB HealthcareService"/><generation value="generated"/></page><page><nameUrl value="StructureDefinition-ITBOrganization.html"/><title value="ITB Organization"/><generation value="generated"/></page><page><nameUrl value="StructureDefinition-ITBPatient.html"/><title value="ITB Patient"/><generation value="generated"/></page><page><nameUrl value="StructureDefinition-ITBPractitionerRole.html"/><title value="ITB PractitionerRole"/><generation value="generated"/></page><page><nameUrl value="StructureDefinition-ITBSchedule.html"/><title value="ITB Schedule"/><generation value="generated"/></page><page><nameUrl value="StructureDefinition-ITBSlot.html"/><title value="ITB Slot"/><generation value="generated"/></page><page><nameUrl value="StructureDefinition-NoITBPatient.html"/><title value="Norweigan ITB Patient"/><generation value="generated"/></page><page><nameUrl value="StructureDefinition-SEITBPatient.html"/><title value="Swedish ITB Patient"/><generation value="generated"/></page><page><nameUrl value="StructureDefinition-extBinaryReference.html"/><title value="ITB Binary Reference Extension"/><generation value="generated"/></page><page><nameUrl value="ValueSet-role-codes.html"/><title value="ITB Role Codes"/><generation value="generated"/></page><page><nameUrl value="ValueSet-service-types.html"/><title value="ITB Service Types"/><generation value="generated"/></page><page><nameUrl value="ValueSet-speciality-codes.html"/><title value="ITB Speciality Codes"/><generation value="generated"/></page><page><nameUrl value="CodeSystem-itb-booking-categories.html"/><title value="ITB Booking Categories"/><generation value="generated"/></page><page><nameUrl value="CodeSystem-itb-servicetypes.html"/><title value="ITB Service Types"/><generation value="generated"/></page><page><nameUrl value="CodeSystem-practitioner-role-codes.html"/><title value="ITB Booking Categories"/><generation value="generated"/></page></page></page><parameter><code value="path-resource"/><value value="input/capabilities"/></parameter><parameter><code value="path-resource"/><value value="input/examples"/></parameter><parameter><code value="path-resource"/><value value="input/extensions"/></parameter><parameter><code value="path-resource"/><value value="input/models"/></parameter><parameter><code value="path-resource"/><value value="input/operations"/></parameter><parameter><code value="path-resource"/><value value="input/profiles"/></parameter><parameter><code value="path-resource"/><value value="input/resources"/></parameter><parameter><code value="path-resource"/><value value="input/vocabulary"/></parameter><parameter><code value="path-resource"/><value value="input/maps"/></parameter><parameter><code value="path-resource"/><value value="input/testing"/></parameter><parameter><code value="path-resource"/><value value="input/history"/></parameter><parameter><code value="path-resource"/><value value="fsh-generated/resources"/></parameter><parameter><code value="path-pages"/><value value="template/config"/></parameter><parameter><code value="path-pages"/><value value="input/images"/></parameter><parameter><code value="path-tx-cache"/><value value="input-cache/txcache"/></parameter></definition></ImplementationGuide>