<?xml version="1.0" encoding="UTF-8"?><ImplementationGuide xmlns="http://hl7.org/fhir"><id value="portal.wof.purified.link"/><text><status value="extensions"/><div xmlns="http://www.w3.org/1999/xhtml"><h2>ITBImplementationGuide</h2><p>The official URL for this implementation guide is: </p><pre>http://portal.wof.purified.link/fhir/ImplementationGuide/portal.wof.purified.link</pre><div><p>Implementation Guide for ITB</p>
</div></div></text><url value="http://portal.wof.purified.link/fhir/ImplementationGuide/portal.wof.purified.link"/><version value="0.1.0"/><name value="ITBImplementationGuide"/><title value="ITB Implementation Guide"/><status value="draft"/><date value="2021-12-10T13:56:52+01:00"/><description value="Implementation Guide for ITB"/><packageId value="portal.wof.purified.link"/><license value="CC0-1.0"/><fhirVersion value="4.0.1"/><definition><extension url="http://hl7.org/fhir/tools/StructureDefinition/ig-parameter"><extension url="code"><valueString value="copyrightyear"/></extension><extension url="value"><valueString value="2020+"/></extension></extension><extension url="http://hl7.org/fhir/tools/StructureDefinition/ig-parameter"><extension url="code"><valueString value="releaselabel"/></extension><extension url="value"><valueString value="Release Label"/></extension></extension><extension url="http://hl7.org/fhir/tools/StructureDefinition/ig-parameter"><extension url="code"><valueString value="show-inherited-invariants"/></extension><extension url="value"><valueString value="false"/></extension></extension><extension url="http://hl7.org/fhir/tools/StructureDefinition/ig-parameter"><extension url="code"><valueString value="path-liquid"/></extension><extension url="value"><valueString value="template/liquid"/></extension></extension><extension url="http://hl7.org/fhir/tools/StructureDefinition/ig-parameter"><extension url="code"><valueString value="path-liquid"/></extension><extension url="value"><valueString value="input/liquid"/></extension></extension><extension url="http://hl7.org/fhir/tools/StructureDefinition/ig-parameter"><extension url="code"><valueString value="path-qa"/></extension><extension url="value"><valueString value="temp/qa"/></extension></extension><extension url="http://hl7.org/fhir/tools/StructureDefinition/ig-parameter"><extension url="code"><valueString value="path-temp"/></extension><extension url="value"><valueString value="temp/pages"/></extension></extension><extension url="http://hl7.org/fhir/tools/StructureDefinition/ig-parameter"><extension url="code"><valueString value="path-output"/></extension><extension url="value"><valueString value="output"/></extension></extension><extension url="http://hl7.org/fhir/tools/StructureDefinition/ig-parameter"><extension url="code"><valueString value="path-suppressed-warnings"/></extension><extension url="value"><valueString value="input/ignoreWarnings.txt"/></extension></extension><extension url="http://hl7.org/fhir/tools/StructureDefinition/ig-parameter"><extension url="code"><valueString value="path-history"/></extension><extension url="value"><valueString value="http://portal.wof.purified.link/fhir/history.html"/></extension></extension><extension url="http://hl7.org/fhir/tools/StructureDefinition/ig-parameter"><extension url="code"><valueString value="template-html"/></extension><extension url="value"><valueString value="template-page.html"/></extension></extension><extension url="http://hl7.org/fhir/tools/StructureDefinition/ig-parameter"><extension url="code"><valueString value="template-md"/></extension><extension url="value"><valueString value="template-page-md.html"/></extension></extension><extension url="http://hl7.org/fhir/tools/StructureDefinition/ig-parameter"><extension url="code"><valueString value="apply-contact"/></extension><extension url="value"><valueString value="true"/></extension></extension><extension url="http://hl7.org/fhir/tools/StructureDefinition/ig-parameter"><extension url="code"><valueString value="apply-context"/></extension><extension url="value"><valueString value="true"/></extension></extension><extension url="http://hl7.org/fhir/tools/StructureDefinition/ig-parameter"><extension url="code"><valueString value="apply-copyright"/></extension><extension url="value"><valueString value="true"/></extension></extension><extension url="http://hl7.org/fhir/tools/StructureDefinition/ig-parameter"><extension url="code"><valueString value="apply-jurisdiction"/></extension><extension url="value"><valueString value="true"/></extension></extension><extension url="http://hl7.org/fhir/tools/StructureDefinition/ig-parameter"><extension url="code"><valueString value="apply-license"/></extension><extension url="value"><valueString value="true"/></extension></extension><extension url="http://hl7.org/fhir/tools/StructureDefinition/ig-parameter"><extension url="code"><valueString value="apply-publisher"/></extension><extension url="value"><valueString value="true"/></extension></extension><extension url="http://hl7.org/fhir/tools/StructureDefinition/ig-parameter"><extension url="code"><valueString value="apply-version"/></extension><extension url="value"><valueString value="true"/></extension></extension><extension url="http://hl7.org/fhir/tools/StructureDefinition/ig-parameter"><extension url="code"><valueString value="active-tables"/></extension><extension url="value"><valueString value="true"/></extension></extension><grouping id="-dyn-capabilitystatement"><name value="Behavior: Capability Statements"/><description value="The following artifacts define the specific capabilities that different types of systems are expected to have in order to comply with this implementation guide.  Systems conforming to this implementation guide are expected to declare conformance to one or more of the following capability statements."/></grouping><grouping id="-str-profile"><name value="Structures: Resource Profiles"/><description value="These define constraints on FHIR resources for systems conforming to this implementation guide"/></grouping><grouping id="-str-extension"><name value="Structures: Extension Definitions"/><description value="These define constraints on FHIR data types for systems conforming to this implementation guide"/></grouping><grouping id="-term-valueset"><name value="Terminology: Value Sets"/><description value="These define sets of codes used by systems conforming to this implementation guide"/></grouping><grouping id="-term-codesystem"><name value="Terminology: Code Systems"/><description value="These define new code systems used by systems conforming to this implementation guide"/></grouping><grouping id="-ex-example"><name value="Example: Example Instances"/><description value="These are example instances that show what data produced and consumed by systems conforming with this implementation guide might look like"/></grouping><resource><extension url="http://hl7.org/fhir/StructureDefinition/implementationguide-page"><valueUri value="StructureDefinition-ITBActivityDefinition.html"/></extension><reference><reference value="StructureDefinition/ITBActivityDefinition"/></reference><name value="ITB ActivityDefinition"/><description value="ITBActivityDefinition is used to handle  .."/><exampleBoolean value="false"/><groupingId value="-str-profile"/></resource><resource><extension url="http://hl7.org/fhir/StructureDefinition/implementationguide-page"><valueUri value="StructureDefinition-ITBAppointment.html"/></extension><reference><reference value="StructureDefinition/ITBAppointment"/></reference><name value="ITB Appointment"/><description value="ITBAppointment is used to handle  .."/><exampleBoolean value="false"/><groupingId value="-str-profile"/></resource><resource><extension url="http://hl7.org/fhir/StructureDefinition/implementationguide-page"><valueUri value="StructureDefinition-ITBAppointmentResponse.html"/></extension><reference><reference value="StructureDefinition/ITBAppointmentResponse"/></reference><name value="ITB AppointmentResponse"/><description value="ITBAppointmentResponse is used to handle  .."/><exampleBoolean value="false"/><groupingId value="-str-profile"/></resource><resource><extension url="http://hl7.org/fhir/StructureDefinition/implementationguide-page"><valueUri value="StructureDefinition-ITBEndpoint.html"/></extension><reference><reference value="StructureDefinition/ITBEndpoint"/></reference><name value="ITB Endpoint"/><description value="ITB Endpoint is used to handle  .."/><exampleBoolean value="false"/><groupingId value="-str-profile"/></resource><resource><extension url="http://hl7.org/fhir/StructureDefinition/implementationguide-page"><valueUri value="StructureDefinition-ITBHealthcareService.html"/></extension><reference><reference value="StructureDefinition/ITBHealthcareService"/></reference><name value="ITB HealthcareService"/><description value="ITBHealthcareService..."/><exampleBoolean value="false"/><groupingId value="-str-profile"/></resource><resource><extension url="http://hl7.org/fhir/StructureDefinition/implementationguide-page"><valueUri value="StructureDefinition-ITBList.html"/></extension><reference><reference value="StructureDefinition/ITBList"/></reference><name value="ITB List"/><description value="ITBList is used to hold PriceDefinitions..."/><exampleBoolean value="false"/><groupingId value="-str-profile"/></resource><resource><extension url="http://hl7.org/fhir/StructureDefinition/implementationguide-page"><valueUri value="StructureDefinition-ITBLocation.html"/></extension><reference><reference value="StructureDefinition/ITBLocation"/></reference><name value="ITB Location"/><description value="ITBLocation is used to handle adress and position, for example used in ITBHealthCareService"/><exampleBoolean value="false"/><groupingId value="-str-profile"/></resource><resource><extension url="http://hl7.org/fhir/StructureDefinition/implementationguide-page"><valueUri value="StructureDefinition-ITBOrganization.html"/></extension><reference><reference value="StructureDefinition/ITBOrganization"/></reference><name value="ITB Organization"/><description value="TBD"/><exampleBoolean value="false"/><groupingId value="-str-profile"/></resource><resource><extension url="http://hl7.org/fhir/StructureDefinition/implementationguide-page"><valueUri value="StructureDefinition-ITBPatient.html"/></extension><reference><reference value="StructureDefinition/ITBPatient"/></reference><name value="ITB Patient"/><exampleBoolean value="false"/><groupingId value="-str-profile"/></resource><resource><extension url="http://hl7.org/fhir/StructureDefinition/implementationguide-page"><valueUri value="StructureDefinition-ITBPractitioner.html"/></extension><reference><reference value="StructureDefinition/ITBPractitioner"/></reference><name value="ITB Practitioner"/><description value="Practitioner is.. TBD"/><exampleBoolean value="false"/><groupingId value="-str-profile"/></resource><resource><extension url="http://hl7.org/fhir/StructureDefinition/implementationguide-page"><valueUri value="StructureDefinition-ITBPractitionerRole.html"/></extension><reference><reference value="StructureDefinition/ITBPractitionerRole"/></reference><name value="ITB PractitionerRole"/><description value="PractitionerRole is an actor in Patient Portal and can become a bookable entity"/><exampleBoolean value="false"/><groupingId value="-str-profile"/></resource><resource><extension url="http://hl7.org/fhir/StructureDefinition/implementationguide-page"><valueUri value="StructureDefinition-ITBSchedule.html"/></extension><reference><reference value="StructureDefinition/ITBSchedule"/></reference><name value="ITB Schedule"/><exampleBoolean value="false"/><groupingId value="-str-profile"/></resource><resource><extension url="http://hl7.org/fhir/StructureDefinition/implementationguide-page"><valueUri value="StructureDefinition-ITBSlot.html"/></extension><reference><reference value="StructureDefinition/ITBSlot"/></reference><name value="ITB Slot"/><exampleBoolean value="false"/><groupingId value="-str-profile"/></resource><resource><extension url="http://hl7.org/fhir/StructureDefinition/implementationguide-page"><valueUri value="StructureDefinition-PortalPerson.html"/></extension><reference><reference value="StructureDefinition/PortalPerson"/></reference><name value="Portal Person"/><description value="This resource can be used to handle for example related persons, patients and practitioners"/><exampleBoolean value="false"/><groupingId value="-str-profile"/></resource><resource><extension url="http://hl7.org/fhir/StructureDefinition/implementationguide-page"><valueUri value="StructureDefinition-extConsentToMarketing.html"/></extension><reference><reference value="StructureDefinition/extConsentToMarketing"/></reference><name value="Consent to marketing Extension"/><description value="Used to handle consent to marketing"/><exampleBoolean value="false"/><groupingId value="-str-extension"/></resource><resource><extension url="http://hl7.org/fhir/StructureDefinition/implementationguide-page"><valueUri value="StructureDefinition-extBinaryReference.html"/></extension><reference><reference value="StructureDefinition/extBinaryReference"/></reference><name value="ITB Binary Reference Extension"/><description value="Extension used to be able to inlude binaries in the resource"/><exampleBoolean value="false"/><groupingId value="-str-extension"/></resource><resource><extension url="http://hl7.org/fhir/StructureDefinition/implementationguide-page"><valueUri value="StructureDefinition-extListReference.html"/></extension><reference><reference value="StructureDefinition/extListReference"/></reference><name value="ITB List Reference Extension"/><description value="Extension used to be able to add lists"/><exampleBoolean value="false"/><groupingId value="-str-extension"/></resource><resource><extension url="http://hl7.org/fhir/StructureDefinition/implementationguide-page"><valueUri value="StructureDefinition-extPriceDefinition.html"/></extension><reference><reference value="StructureDefinition/extPriceDefinition"/></reference><name value="ITB Price Definition Extension"/><description value="Extension used to be able to define prices"/><exampleBoolean value="false"/><groupingId value="-str-extension"/></resource><resource><extension url="http://hl7.org/fhir/StructureDefinition/implementationguide-page"><valueUri value="StructureDefinition-extSourceSystemUserId.html"/></extension><reference><reference value="StructureDefinition/extSourceSystemUserId"/></reference><name value="ITB Source System User Id Extension"/><description value="Extension used to handle Source System User Id"/><exampleBoolean value="false"/><groupingId value="-str-extension"/></resource><resource><extension url="http://hl7.org/fhir/StructureDefinition/implementationguide-page"><valueUri value="StructureDefinition-extUrlPlaceholder.html"/></extension><reference><reference value="StructureDefinition/extUrlPlaceholder"/></reference><name value="ITB Url Placeholder Extension"/><description value="Used in URL&#39;s for linking to this instance. Should be short and url-friendly"/><exampleBoolean value="false"/><groupingId value="-str-extension"/></resource><resource><extension url="http://hl7.org/fhir/StructureDefinition/implementationguide-page"><valueUri value="StructureDefinition-extOpusBookingCategory.html"/></extension><reference><reference value="StructureDefinition/extOpusBookingCategory"/></reference><name value="Opus Booking Category Extension"/><description value="Sets the BookingCategory in OpusDental. Maps to ValuSet vsOpusBookingCategory"/><exampleBoolean value="false"/><groupingId value="-str-extension"/></resource><resource><extension url="http://hl7.org/fhir/StructureDefinition/implementationguide-page"><valueUri value="StructureDefinition-extOpusCryptobookingText.html"/></extension><reference><reference value="StructureDefinition/extOpusCryptobookingText"/></reference><name value="OpusCryptobookingText Extension"/><description value="Special cryptated text for OpusDental Booking description. Maps to ValueSet"/><exampleBoolean value="false"/><groupingId value="-str-extension"/></resource><resource><extension url="http://hl7.org/fhir/StructureDefinition/implementationguide-page"><valueUri value="StructureDefinition-extCreated.html"/></extension><reference><reference value="StructureDefinition/extCreated"/></reference><name value="Portal Created Extension"/><description value="Used in meta to specify date create"/><exampleBoolean value="false"/><groupingId value="-str-extension"/></resource><resource><extension url="http://hl7.org/fhir/StructureDefinition/implementationguide-page"><valueUri value="ValueSet-role-codes.html"/></extension><reference><reference value="ValueSet/role-codes"/></reference><name value="ITB Role Codes"/><description value="This value set defines role codes"/><exampleBoolean value="false"/><groupingId value="-term-valueset"/></resource><resource><extension url="http://hl7.org/fhir/StructureDefinition/implementationguide-page"><valueUri value="ValueSet-service-type.html"/></extension><reference><reference value="ValueSet/service-type"/></reference><name value="ITB Service Types"/><description value="This value set defines service types"/><exampleBoolean value="false"/><groupingId value="-term-valueset"/></resource><resource><extension url="http://hl7.org/fhir/StructureDefinition/implementationguide-page"><valueUri value="ValueSet-speciality-codes.html"/></extension><reference><reference value="ValueSet/speciality-codes"/></reference><name value="ITB Speciality Codes"/><description value="This value set defines speciality code"/><exampleBoolean value="false"/><groupingId value="-term-valueset"/></resource><resource><extension url="http://hl7.org/fhir/StructureDefinition/implementationguide-page"><valueUri value="ValueSet-opus-identifiers.html"/></extension><reference><reference value="ValueSet/opus-identifiers"/></reference><name value="Opus Identifiers"/><description value="This value set defines Opus identifiers"/><exampleBoolean value="false"/><groupingId value="-term-valueset"/></resource><resource><extension url="http://hl7.org/fhir/StructureDefinition/implementationguide-page"><valueUri value="CodeSystem-itb-booking-categories.html"/></extension><reference><reference value="CodeSystem/itb-booking-categories"/></reference><name value="ITB Booking Categories"/><description value="ITB Booking Categories"/><exampleBoolean value="false"/><groupingId value="-term-codesystem"/></resource><resource><extension url="http://hl7.org/fhir/StructureDefinition/implementationguide-page"><valueUri value="CodeSystem-csServiceType.html"/></extension><reference><reference value="CodeSystem/csServiceType"/></reference><name value="ITB Service Types"/><description value="ITB Service Types"/><exampleBoolean value="false"/><groupingId value="-term-codesystem"/></resource><resource><extension url="http://hl7.org/fhir/StructureDefinition/implementationguide-page"><valueUri value="CodeSystem-csOpusIdentifier.html"/></extension><reference><reference value="CodeSystem/csOpusIdentifier"/></reference><name value="Opus Identifiers"/><description value="Opus Identifiers"/><exampleBoolean value="false"/><groupingId value="-term-codesystem"/></resource><resource><extension url="http://hl7.org/fhir/StructureDefinition/implementationguide-page"><valueUri value="CodeSystem-practitioner-role-code.html"/></extension><reference><reference value="CodeSystem/practitioner-role-code"/></reference><name value="ITB Practitioner Role Codes"/><description value="ITB Practitioner Role Codes"/><exampleBoolean value="false"/><groupingId value="-term-codesystem"/></resource><resource><extension url="http://hl7.org/fhir/StructureDefinition/implementationguide-page"><valueUri value="AppointmentResponse-AppointmentResponseExample.html"/></extension><reference><reference value="AppointmentResponse/AppointmentResponseExample"/></reference><name value="AppointmentResponseExample"/><exampleCanonical value="http://portal.wof.purified.link/fhir/StructureDefinition/ITBAppointmentResponse"/><groupingId value="-ex-example"/></resource><resource><extension url="http://hl7.org/fhir/StructureDefinition/implementationguide-page"><valueUri value="ActivityDefinition-ITBActivityDefinition.html"/></extension><reference><reference value="ActivityDefinition/ITBActivityDefinition"/></reference><name value="ITBActivityDefinition"/><description value="Desc"/><exampleCanonical value="http://portal.wof.purified.link/fhir/StructureDefinition/ITBActivityDefinition"/><groupingId value="-ex-example"/></resource><resource><extension url="http://hl7.org/fhir/StructureDefinition/implementationguide-page"><valueUri value="Appointment-ITBAppointment.html"/></extension><reference><reference value="Appointment/ITBAppointment"/></reference><name value="ITBAppointment"/><exampleCanonical value="http://portal.wof.purified.link/fhir/StructureDefinition/ITBAppointment"/><groupingId value="-ex-example"/></resource><resource><extension url="http://hl7.org/fhir/StructureDefinition/implementationguide-page"><valueUri value="Appointment-ITBAppointmentAvailableForReschedule.html"/></extension><reference><reference value="Appointment/ITBAppointmentAvailableForReschedule"/></reference><name value="ITBAppointmentAvailableForReschedule"/><exampleCanonical value="http://portal.wof.purified.link/fhir/StructureDefinition/ITBAppointment"/><groupingId value="-ex-example"/></resource><resource><extension url="http://hl7.org/fhir/StructureDefinition/implementationguide-page"><valueUri value="CapabilityStatement-ITBCapabilityStatement.html"/></extension><reference><reference value="CapabilityStatement/ITBCapabilityStatement"/></reference><name value="ITBCapabilityStatement"/><description value="This is the FHIR capability statement for the ITB interface"/><exampleBoolean value="false"/><groupingId value="-dyn-capabilitystatement"/></resource><resource><extension url="http://hl7.org/fhir/StructureDefinition/implementationguide-page"><valueUri value="HealthcareService-ITBHealthcareService.html"/></extension><reference><reference value="HealthcareService/ITBHealthcareService"/></reference><name value="ITBHealthcareService"/><exampleCanonical value="http://portal.wof.purified.link/fhir/StructureDefinition/ITBHealthcareService"/><groupingId value="-ex-example"/></resource><resource><extension url="http://hl7.org/fhir/StructureDefinition/implementationguide-page"><valueUri value="Practitioner-ITBPractitioner.html"/></extension><reference><reference value="Practitioner/ITBPractitioner"/></reference><name value="ITBPractitioner"/><exampleCanonical value="http://portal.wof.purified.link/fhir/StructureDefinition/ITBPractitioner"/><groupingId value="-ex-example"/></resource><resource><extension url="http://hl7.org/fhir/StructureDefinition/implementationguide-page"><valueUri value="PractitionerRole-ITBPractitionerRoleExample.html"/></extension><reference><reference value="PractitionerRole/ITBPractitionerRoleExample"/></reference><name value="ITBPractitionerRoleExample"/><exampleBoolean value="true"/><groupingId value="-ex-example"/></resource><resource><extension url="http://hl7.org/fhir/StructureDefinition/implementationguide-page"><valueUri value="Schedule-ITBScheduleExample.html"/></extension><reference><reference value="Schedule/ITBScheduleExample"/></reference><name value="ITBScheduleExample"/><exampleCanonical value="http://portal.wof.purified.link/fhir/StructureDefinition/ITBSchedule"/><groupingId value="-ex-example"/></resource><resource><extension url="http://hl7.org/fhir/StructureDefinition/implementationguide-page"><valueUri value="Slot-ITBSlot.html"/></extension><reference><reference value="Slot/ITBSlot"/></reference><name value="ITBSlot"/><exampleCanonical value="http://portal.wof.purified.link/fhir/StructureDefinition/ITBSlot"/><groupingId value="-ex-example"/></resource><resource><extension url="http://hl7.org/fhir/StructureDefinition/implementationguide-page"><valueUri value="Endpoint-OpusEndpointExample.html"/></extension><reference><reference value="Endpoint/OpusEndpointExample"/></reference><name value="OpusEndpointExample"/><exampleCanonical value="http://portal.wof.purified.link/fhir/StructureDefinition/ITBEndpoint"/><groupingId value="-ex-example"/></resource><resource><extension url="http://hl7.org/fhir/StructureDefinition/implementationguide-page"><valueUri value="Patient-PatientExample.html"/></extension><reference><reference value="Patient/PatientExample"/></reference><name value="PatientExample"/><exampleCanonical value="http://portal.wof.purified.link/fhir/StructureDefinition/ITBPatient"/><groupingId value="-ex-example"/></resource><resource><extension url="http://hl7.org/fhir/StructureDefinition/implementationguide-page"><valueUri value="Appointment-PostAppointmentWithoutPatient.html"/></extension><reference><reference value="Appointment/PostAppointmentWithoutPatient"/></reference><name value="PostAppointmentWithoutPatient"/><exampleCanonical value="http://portal.wof.purified.link/fhir/StructureDefinition/ITBAppointment"/><groupingId value="-ex-example"/></resource><page><nameUrl value="toc.html"/><title value="Table of Contents"/><generation value="html"/><page><nameUrl value="index.html"/><title value="Home"/><generation value="markdown"/></page><page><nameUrl value="codesystems.html"/><title value="Codesystems"/><generation value="markdown"/></page><page><nameUrl value="extensions.html"/><title value="Extensions"/><generation value="markdown"/></page><page><nameUrl value="profiles.html"/><title value="Profiles"/><generation value="markdown"/></page><page><nameUrl value="valuesets.html"/><title value="Valuesets"/><generation value="markdown"/></page><page><nameUrl value="artifacts.html"/><title value="Artifacts Summary"/><generation value="html"/><page><nameUrl value="CapabilityStatement-ITBCapabilityStatement.html"/><title value="ITBCapabilityStatement"/><generation value="generated"/></page><page><nameUrl value="StructureDefinition-ITBActivityDefinition.html"/><title value="ITB ActivityDefinition"/><generation value="generated"/></page><page><nameUrl value="StructureDefinition-ITBAppointment.html"/><title value="ITB Appointment"/><generation value="generated"/></page><page><nameUrl value="StructureDefinition-ITBAppointmentResponse.html"/><title value="ITB AppointmentResponse"/><generation value="generated"/></page><page><nameUrl value="StructureDefinition-ITBEndpoint.html"/><title value="ITB Endpoint"/><generation value="generated"/></page><page><nameUrl value="StructureDefinition-ITBHealthcareService.html"/><title value="ITB HealthcareService"/><generation value="generated"/></page><page><nameUrl value="StructureDefinition-ITBList.html"/><title value="ITB List"/><generation value="generated"/></page><page><nameUrl value="StructureDefinition-ITBLocation.html"/><title value="ITB Location"/><generation value="generated"/></page><page><nameUrl value="StructureDefinition-ITBOrganization.html"/><title value="ITB Organization"/><generation value="generated"/></page><page><nameUrl value="StructureDefinition-ITBPatient.html"/><title value="ITB Patient"/><generation value="generated"/></page><page><nameUrl value="StructureDefinition-ITBPractitioner.html"/><title value="ITB Practitioner"/><generation value="generated"/></page><page><nameUrl value="StructureDefinition-ITBPractitionerRole.html"/><title value="ITB PractitionerRole"/><generation value="generated"/></page><page><nameUrl value="StructureDefinition-ITBSchedule.html"/><title value="ITB Schedule"/><generation value="generated"/></page><page><nameUrl value="StructureDefinition-ITBSlot.html"/><title value="ITB Slot"/><generation value="generated"/></page><page><nameUrl value="StructureDefinition-PortalPerson.html"/><title value="Portal Person"/><generation value="generated"/></page><page><nameUrl value="StructureDefinition-extConsentToMarketing.html"/><title value="Consent to marketing Extension"/><generation value="generated"/></page><page><nameUrl value="StructureDefinition-extBinaryReference.html"/><title value="ITB Binary Reference Extension"/><generation value="generated"/></page><page><nameUrl value="StructureDefinition-extListReference.html"/><title value="ITB List Reference Extension"/><generation value="generated"/></page><page><nameUrl value="StructureDefinition-extPriceDefinition.html"/><title value="ITB Price Definition Extension"/><generation value="generated"/></page><page><nameUrl value="StructureDefinition-extSourceSystemUserId.html"/><title value="ITB Source System User Id Extension"/><generation value="generated"/></page><page><nameUrl value="StructureDefinition-extUrlPlaceholder.html"/><title value="ITB Url Placeholder Extension"/><generation value="generated"/></page><page><nameUrl value="StructureDefinition-extOpusBookingCategory.html"/><title value="Opus Booking Category Extension"/><generation value="generated"/></page><page><nameUrl value="StructureDefinition-extOpusCryptobookingText.html"/><title value="OpusCryptobookingText Extension"/><generation value="generated"/></page><page><nameUrl value="StructureDefinition-extCreated.html"/><title value="Portal Created Extension"/><generation value="generated"/></page><page><nameUrl value="ValueSet-role-codes.html"/><title value="ITB Role Codes"/><generation value="generated"/></page><page><nameUrl value="ValueSet-service-type.html"/><title value="ITB Service Types"/><generation value="generated"/></page><page><nameUrl value="ValueSet-speciality-codes.html"/><title value="ITB Speciality Codes"/><generation value="generated"/></page><page><nameUrl value="ValueSet-opus-identifiers.html"/><title value="Opus Identifiers"/><generation value="generated"/></page><page><nameUrl value="CodeSystem-itb-booking-categories.html"/><title value="ITB Booking Categories"/><generation value="generated"/></page><page><nameUrl value="CodeSystem-csServiceType.html"/><title value="ITB Service Types"/><generation value="generated"/></page><page><nameUrl value="CodeSystem-csOpusIdentifier.html"/><title value="Opus Identifiers"/><generation value="generated"/></page><page><nameUrl value="CodeSystem-practitioner-role-code.html"/><title value="ITB Practitioner Role Codes"/><generation value="generated"/></page><page><nameUrl value="AppointmentResponse-AppointmentResponseExample.html"/><title value="AppointmentResponseExample"/><generation value="generated"/></page><page><nameUrl value="ActivityDefinition-ITBActivityDefinition.html"/><title value="ITBActivityDefinition"/><generation value="generated"/></page><page><nameUrl value="Appointment-ITBAppointment.html"/><title value="ITBAppointment"/><generation value="generated"/></page><page><nameUrl value="Appointment-ITBAppointmentAvailableForReschedule.html"/><title value="ITBAppointmentAvailableForReschedule"/><generation value="generated"/></page><page><nameUrl value="HealthcareService-ITBHealthcareService.html"/><title value="ITBHealthcareService"/><generation value="generated"/></page><page><nameUrl value="Practitioner-ITBPractitioner.html"/><title value="ITBPractitioner"/><generation value="generated"/></page><page><nameUrl value="PractitionerRole-ITBPractitionerRoleExample.html"/><title value="ITBPractitionerRoleExample"/><generation value="generated"/></page><page><nameUrl value="Schedule-ITBScheduleExample.html"/><title value="ITBScheduleExample"/><generation value="generated"/></page><page><nameUrl value="Slot-ITBSlot.html"/><title value="ITBSlot"/><generation value="generated"/></page><page><nameUrl value="Endpoint-OpusEndpointExample.html"/><title value="OpusEndpointExample"/><generation value="generated"/></page><page><nameUrl value="Patient-PatientExample.html"/><title value="PatientExample"/><generation value="generated"/></page><page><nameUrl value="Appointment-PostAppointmentWithoutPatient.html"/><title value="PostAppointmentWithoutPatient"/><generation value="generated"/></page></page></page><parameter><code value="path-resource"/><value value="input/capabilities"/></parameter><parameter><code value="path-resource"/><value value="input/examples"/></parameter><parameter><code value="path-resource"/><value value="input/extensions"/></parameter><parameter><code value="path-resource"/><value value="input/models"/></parameter><parameter><code value="path-resource"/><value value="input/operations"/></parameter><parameter><code value="path-resource"/><value value="input/profiles"/></parameter><parameter><code value="path-resource"/><value value="input/resources"/></parameter><parameter><code value="path-resource"/><value value="input/vocabulary"/></parameter><parameter><code value="path-resource"/><value value="input/maps"/></parameter><parameter><code value="path-resource"/><value value="input/testing"/></parameter><parameter><code value="path-resource"/><value value="input/history"/></parameter><parameter><code value="path-resource"/><value value="fsh-generated/resources"/></parameter><parameter><code value="path-pages"/><value value="template/config"/></parameter><parameter><code value="path-pages"/><value value="input/images"/></parameter><parameter><code value="path-tx-cache"/><value value="input-cache/txcache"/></parameter></definition></ImplementationGuide>