<?xml version="1.0" encoding="UTF-8"?><ValueSet xmlns="http://hl7.org/fhir"><id value="service-types"/><text><status value="extensions"/><div xmlns="http://www.w3.org/1999/xhtml"><ul><li>Include these codes as defined in <a href="http://terminology.hl7.org/2.0.0/CodeSystem-service-type.html"><code>http://terminology.hl7.org/CodeSystem/service-type</code></a><table class="none"><tr><td style="white-space:nowrap"><b>Code</b></td><td><b>Display</b></td><td><b>Definition</b></td></tr><tr><td>88</td><td>General dental</td><td>General dental</td></tr></table></li></ul></div></text><url value="http://portal.wof.purified.link/fhir/ValueSet/service-types"/><version value="0.1.0"/><name value="ITBServiceTypes"/><title value="ITB Service Types"/><status value="active"/><date value="2021-06-22T14:11:11+02:00"/><description value="This value set defines service types"/><compose><include><system value="http://terminology.hl7.org/CodeSystem/service-type"/><concept><code value="88"/><display value="General dental"/></concept></include></compose></ValueSet>