<?xml version="1.0" encoding="UTF-8"?><ValueSet xmlns="http://hl7.org/fhir"><id value="opus-identifiers"/><text><status value="generated"/><div xmlns="http://www.w3.org/1999/xhtml"><ul><li>Include these codes as defined in <code>http://terminology.hl7.org/CodeSystem/opus-identifiers</code><table class="none"><tr><td style="white-space:nowrap"><b>Code</b></td><td><b>Display</b></td></tr><tr><td>1</td><td>patientId</td></tr></table></li></ul></div></text><url value="http://portal.wof.purified.link/fhir/ValueSet/opus-identifiers"/><version value="0.1.0"/><name value="OpusIdentifiers"/><title value="Opus Identifiers"/><status value="active"/><date value="2021-12-10T12:59:28+01:00"/><description value="This value set defines Opus identifiers"/><compose><include><system value="http://terminology.hl7.org/CodeSystem/opus-identifiers"/><concept><code value="1"/><display value="patientId"/></concept></include></compose></ValueSet>