<?xml version="1.0" encoding="UTF-8"?>

<Bundle xmlns="http://hl7.org/fhir">
  <id value="6ae6a23b-0572-4739-a80a-cc1a8dee635d"/>
  <meta>
    <lastUpdated value="2021-06-23T15:38:14.038+02:00"/>
  </meta>
  <type value="collection"/>
  <entry>
    <resource>
      <ValueSet>
        <language value="en"/>
        <text>
          <status value="generated"/>
          <div xmlns="http://www.w3.org/1999/xhtml" xml:lang="en" lang="en">
            <p>This value set contains 2 concepts</p>
            <p style="border: black 1px dotted; background-color: #EEEEEE; padding: 8px; margin-bottom: 8px">Expansion based on SNOMED CT International edition 31-Jan 2021</p>
            <p>All codes from system 
              <a href="http://terminology.hl7.org/2.0.0/CodeSystem-v3-snomed-CT.html">
                <code>http://snomed.info/sct</code>
              </a>
            </p>
            <table class="codes">
              <tr>
                <td style="white-space:nowrap">
                  <b>Code</b>
                </td>
                <td>
                  <b>Display</b>
                </td>
                <td>
                  <b>Definition</b>
                </td>
              </tr>
              <tr>
                <td style="white-space:nowrap">
                  <a name="http---snomed.info-sct-106289002"> </a>
                  <a href="http://browser.ihtsdotools.org/?perspective=full&amp;conceptId1=106289002">106289002</a>
                </td>
                <td>Dentist</td>
                <td/>
              </tr>
              <tr>
                <td style="white-space:nowrap">
                  <a name="http---snomed.info-sct-26042002"> </a>
                  <a href="http://browser.ihtsdotools.org/?perspective=full&amp;conceptId1=26042002">26042002</a>
                </td>
                <td>Dental hygienist</td>
                <td/>
              </tr>
            </table>
          </div>
        </text>
        <status value="active"/>
        <expansion>
          <identifier value="urn:uuid:9cf51916-e9c6-4213-93e7-8e93e5ce32e9"/>
          <timestamp value="2021-06-22T14:41:03.184Z"/>
          <parameter>
            <name value="limitedExpansion"/>
            <valueBoolean value="true"/>
          </parameter>
          <parameter>
            <name value="version"/>
            <valueString value="http://snomed.info/sct|http://snomed.info/sct/900000000000207008/version/20210131"/>
          </parameter>
          <contains>
            <system value="http://snomed.info/sct"/>
            <code value="106289002"/>
            <display value="Dentist"/>
          </contains>
          <contains>
            <system value="http://snomed.info/sct"/>
            <code value="26042002"/>
            <display value="Dental hygienist"/>
          </contains>
        </expansion>
      </ValueSet>
    </resource>
  </entry>
  <entry>
    <resource>
      <ValueSet>
        <language value="en"/>
        <text>
          <status value="generated"/>
          <div xmlns="http://www.w3.org/1999/xhtml" xml:lang="en" lang="en">
            <p>This value set contains 1 concepts</p>
            <p style="border: black 1px dotted; background-color: #EEEEEE; padding: 8px; margin-bottom: 8px">Expansion based on http://terminology.hl7.org/CodeSystem/service-type version 4.0.1</p>
            <p>All codes from system 
              <a href="http://terminology.hl7.org/2.0.0/CodeSystem-service-type.html">
                <code>http://terminology.hl7.org/CodeSystem/service-type</code>
              </a>
            </p>
            <table class="codes">
              <tr>
                <td style="white-space:nowrap">
                  <b>Code</b>
                </td>
                <td>
                  <b>Display</b>
                </td>
                <td>
                  <b>Definition</b>
                </td>
              </tr>
              <tr>
                <td style="white-space:nowrap">
                  <a name="http---terminology.hl7.org-CodeSystem-service-type-88"> </a>88
                </td>
                <td>General Dental</td>
                <td>General dental</td>
              </tr>
            </table>
          </div>
        </text>
        <status value="active"/>
        <expansion>
          <identifier value="urn:uuid:dc8fd91f-9d56-40be-a084-4d40f053d029"/>
          <timestamp value="2021-06-22T14:41:04.044Z"/>
          <parameter>
            <name value="limitedExpansion"/>
            <valueBoolean value="true"/>
          </parameter>
          <parameter>
            <name value="version"/>
            <valueString value="http://terminology.hl7.org/CodeSystem/service-type|4.0.1"/>
          </parameter>
          <contains>
            <extension url="http://hl7.org/fhir/StructureDefinition/valueset-definition">
              <valueString value="General dental"/>
            </extension>
            <system value="http://terminology.hl7.org/CodeSystem/service-type"/>
            <code value="88"/>
            <display value="General Dental"/>
          </contains>
        </expansion>
      </ValueSet>
    </resource>
  </entry>
  <entry>
    <resource>
      <ValueSet>
        <language value="en"/>
        <text>
          <status value="generated"/>
          <div xmlns="http://www.w3.org/1999/xhtml" xml:lang="en" lang="en">
            <p>This value set contains 2 concepts</p>
            <p style="border: black 1px dotted; background-color: #EEEEEE; padding: 8px; margin-bottom: 8px">Expansion based on SNOMED CT International edition 31-Jan 2021</p>
            <p>All codes from system 
              <a href="http://terminology.hl7.org/2.0.0/CodeSystem-v3-snomed-CT.html">
                <code>http://snomed.info/sct</code>
              </a>
            </p>
            <table class="codes">
              <tr>
                <td style="white-space:nowrap">
                  <b>Code</b>
                </td>
                <td>
                  <b>Display</b>
                </td>
                <td>
                  <b>Definition</b>
                </td>
              </tr>
              <tr>
                <td style="white-space:nowrap">
                  <a name="http---snomed.info-sct-106289002"> </a>
                  <a href="http://browser.ihtsdotools.org/?perspective=full&amp;conceptId1=106289002">106289002</a>
                </td>
                <td>Dentist</td>
                <td/>
              </tr>
              <tr>
                <td style="white-space:nowrap">
                  <a name="http---snomed.info-sct-26042002"> </a>
                  <a href="http://browser.ihtsdotools.org/?perspective=full&amp;conceptId1=26042002">26042002</a>
                </td>
                <td>Dental hygienist</td>
                <td/>
              </tr>
            </table>
          </div>
        </text>
        <status value="active"/>
        <expansion>
          <identifier value="urn:uuid:9cf51916-e9c6-4213-93e7-8e93e5ce32e9"/>
          <timestamp value="2021-06-22T14:41:03.184Z"/>
          <parameter>
            <name value="limitedExpansion"/>
            <valueBoolean value="true"/>
          </parameter>
          <parameter>
            <name value="version"/>
            <valueString value="http://snomed.info/sct|http://snomed.info/sct/900000000000207008/version/20210131"/>
          </parameter>
          <contains>
            <system value="http://snomed.info/sct"/>
            <code value="106289002"/>
            <display value="Dentist"/>
          </contains>
          <contains>
            <system value="http://snomed.info/sct"/>
            <code value="26042002"/>
            <display value="Dental hygienist"/>
          </contains>
        </expansion>
      </ValueSet>
    </resource>
  </entry>
</Bundle>