{
  "resourceType" : "Bundle",
  "id" : "b9ae324d-39bd-45cf-850f-826d4f83b31f",
  "meta" : {
    "lastUpdated" : "2021-12-10T12:59:28.942+01:00"
  },
  "type" : "collection",
  "entry" : [{
    "fullUrl" : "http://portal.wof.purified.link/fhir/ValueSet/role-codes",
    "resource" : {
      "resourceType" : "ValueSet",
      "id" : "role-codes",
      "text" : {
        "status" : "generated",
        "div" : "<div xmlns=\"http://www.w3.org/1999/xhtml\"><p>This value set contains 2 concepts</p><p style=\"border: black 1px dotted; background-color: #EEEEEE; padding: 8px; margin-bottom: 8px\">Expansion based on SNOMED CT International edition 31-Jul 2021</p><p>All codes in this table are from the system <a href=\"http://terminology.hl7.org/3.0.0/CodeSystem-v3-snomed-CT.html\"><code>http://snomed.info/sct</code></a></p><table class=\"codes\"><tr><td style=\"white-space:nowrap\"><b>Code</b></td><td><b>Display</b></td><td><b>Definition</b></td></tr><tr><td style=\"white-space:nowrap\"><a name=\"http---snomed.info-sct-106289002\"> </a><a href=\"http://browser.ihtsdotools.org/?perspective=full&amp;conceptId1=106289002\">106289002</a></td><td>Dentist</td><td/></tr><tr><td style=\"white-space:nowrap\"><a name=\"http---snomed.info-sct-26042002\"> </a><a href=\"http://browser.ihtsdotools.org/?perspective=full&amp;conceptId1=26042002\">26042002</a></td><td>Dental hygienist</td><td/></tr></table></div>"
      },
      "url" : "http://portal.wof.purified.link/fhir/ValueSet/role-codes",
      "version" : "0.1.0",
      "name" : "ITBRoleCodes",
      "title" : "ITB Role Codes",
      "status" : "active",
      "date" : "2021-12-10T12:59:28+01:00",
      "description" : "This value set defines role codes",
      "expansion" : {
        "identifier" : "urn:uuid:865c1906-0f1d-4791-991a-5dbbfc77964b",
        "timestamp" : "2021-12-10T13:00:28+01:00",
        "total" : 2,
        "parameter" : [{
          "name" : "excludeNested",
          "valueBoolean" : false
        },
        {
          "name" : "limitedExpansion",
          "valueBoolean" : true
        },
        {
          "name" : "version",
          "valueUri" : "http://snomed.info/sct|http://snomed.info/sct/900000000000207008/version/20210731"
        }],
        "contains" : [{
          "system" : "http://snomed.info/sct",
          "code" : "106289002",
          "display" : "Dentist"
        },
        {
          "system" : "http://snomed.info/sct",
          "code" : "26042002",
          "display" : "Dental hygienist"
        }]
      }
    }
  },
  {
    "fullUrl" : "http://portal.wof.purified.link/fhir/ValueSet/service-type",
    "resource" : {
      "resourceType" : "ValueSet",
      "id" : "service-type",
      "text" : {
        "status" : "generated",
        "div" : "<div xmlns=\"http://www.w3.org/1999/xhtml\"><p>This value set contains 5 concepts</p><p style=\"border: black 1px dotted; background-color: #EEEEEE; padding: 8px; margin-bottom: 8px\">Expansion based on <a href=\"CodeSystem-csServiceType.html\">ITB Service Types v0.1.0 (CodeSystem)</a></p><p>All codes in this table are from the system <a href=\"CodeSystem-csServiceType.html\"><code>http://portal.wof.purified.link/fhir/CodeSystem/csServiceType</code></a></p><table class=\"codes\"><tr><td style=\"white-space:nowrap\"><b>Code</b></td><td><b>Display</b></td><td><b>Definition</b></td></tr><tr><td style=\"white-space:nowrap\"><a name=\"http---portal.wof.purified.link-fhir-CodeSystem-csServiceType-1\"> </a><a href=\"CodeSystem-csServiceType.html#csServiceType-1\">1</a></td><td>Profylax</td><td/></tr><tr><td style=\"white-space:nowrap\"><a name=\"http---portal.wof.purified.link-fhir-CodeSystem-csServiceType-2\"> </a><a href=\"CodeSystem-csServiceType.html#csServiceType-2\">2</a></td><td>Undersökning</td><td/></tr><tr><td style=\"white-space:nowrap\"><a name=\"http---portal.wof.purified.link-fhir-CodeSystem-csServiceType-3\"> </a><a href=\"CodeSystem-csServiceType.html#csServiceType-3\">3</a></td><td>Akut</td><td/></tr><tr><td style=\"white-space:nowrap\"><a name=\"http---portal.wof.purified.link-fhir-CodeSystem-csServiceType-0\"> </a><a href=\"CodeSystem-csServiceType.html#csServiceType-0\">0</a></td><td>Revision ospecificerad behandling</td><td/></tr><tr><td style=\"white-space:nowrap\"><a name=\"http---portal.wof.purified.link-fhir-CodeSystem-csServiceType-123\"> </a><a href=\"CodeSystem-csServiceType.html#csServiceType-123\">123</a></td><td>Prima Service</td><td/></tr></table></div>"
      },
      "url" : "http://portal.wof.purified.link/fhir/ValueSet/service-type",
      "version" : "0.1.0",
      "name" : "ITBServiceType",
      "title" : "ITB Service Types",
      "status" : "active",
      "date" : "2021-12-10T12:59:28+01:00",
      "description" : "This value set defines service types",
      "expansion" : {
        "identifier" : "urn:uuid:ea78acc6-0598-44b0-b834-0600b299ab49",
        "timestamp" : "2021-12-10T13:00:31+01:00",
        "total" : 5,
        "parameter" : [{
          "name" : "excludeNested",
          "valueBoolean" : false
        },
        {
          "name" : "version",
          "valueUri" : "http://portal.wof.purified.link/fhir/CodeSystem/csServiceType|0.1.0"
        }],
        "contains" : [{
          "system" : "http://portal.wof.purified.link/fhir/CodeSystem/csServiceType",
          "code" : "1",
          "display" : "Profylax"
        },
        {
          "system" : "http://portal.wof.purified.link/fhir/CodeSystem/csServiceType",
          "code" : "2",
          "display" : "Undersökning"
        },
        {
          "system" : "http://portal.wof.purified.link/fhir/CodeSystem/csServiceType",
          "code" : "3",
          "display" : "Akut"
        },
        {
          "system" : "http://portal.wof.purified.link/fhir/CodeSystem/csServiceType",
          "code" : "0",
          "display" : "Revision ospecificerad behandling"
        },
        {
          "system" : "http://portal.wof.purified.link/fhir/CodeSystem/csServiceType",
          "code" : "123",
          "display" : "Prima Service"
        }]
      }
    }
  },
  {
    "fullUrl" : "http://portal.wof.purified.link/fhir/ValueSet/role-codes",
    "resource" : {
      "resourceType" : "ValueSet",
      "id" : "role-codes",
      "text" : {
        "status" : "generated",
        "div" : "<div xmlns=\"http://www.w3.org/1999/xhtml\"><p>This value set contains 2 concepts</p><p style=\"border: black 1px dotted; background-color: #EEEEEE; padding: 8px; margin-bottom: 8px\">Expansion based on SNOMED CT International edition 31-Jul 2021</p><p>All codes in this table are from the system <a href=\"http://terminology.hl7.org/3.0.0/CodeSystem-v3-snomed-CT.html\"><code>http://snomed.info/sct</code></a></p><table class=\"codes\"><tr><td style=\"white-space:nowrap\"><b>Code</b></td><td><b>Display</b></td><td><b>Definition</b></td></tr><tr><td style=\"white-space:nowrap\"><a name=\"http---snomed.info-sct-106289002\"> </a><a href=\"http://browser.ihtsdotools.org/?perspective=full&amp;conceptId1=106289002\">106289002</a></td><td>Dentist</td><td/></tr><tr><td style=\"white-space:nowrap\"><a name=\"http---snomed.info-sct-26042002\"> </a><a href=\"http://browser.ihtsdotools.org/?perspective=full&amp;conceptId1=26042002\">26042002</a></td><td>Dental hygienist</td><td/></tr></table></div>"
      },
      "url" : "http://portal.wof.purified.link/fhir/ValueSet/role-codes",
      "version" : "0.1.0",
      "name" : "ITBRoleCodes",
      "title" : "ITB Role Codes",
      "status" : "active",
      "date" : "2021-12-10T12:59:28+01:00",
      "description" : "This value set defines role codes",
      "expansion" : {
        "identifier" : "urn:uuid:865c1906-0f1d-4791-991a-5dbbfc77964b",
        "timestamp" : "2021-12-10T13:00:28+01:00",
        "total" : 2,
        "parameter" : [{
          "name" : "excludeNested",
          "valueBoolean" : false
        },
        {
          "name" : "limitedExpansion",
          "valueBoolean" : true
        },
        {
          "name" : "version",
          "valueUri" : "http://snomed.info/sct|http://snomed.info/sct/900000000000207008/version/20210731"
        }],
        "contains" : [{
          "system" : "http://snomed.info/sct",
          "code" : "106289002",
          "display" : "Dentist"
        },
        {
          "system" : "http://snomed.info/sct",
          "code" : "26042002",
          "display" : "Dental hygienist"
        }]
      }
    }
  }]
}