{
  "resourceType": "Appointment",
  "id": "PostAppointmentWithoutPatient",
  "meta": {
    "profile": [
      "http://portal.wof.purified.link/fhir/StructureDefinition/ITBAppointment"
    ]
  },
  "text": {
    "status": "generated",
    "div": "<div xmlns=\"http://www.w3.org/1999/xhtml\"><p><b>Generated Narrative</b></p><p><b>status</b>: proposed</p><p><b>serviceType</b>: <span title=\"Codes: {http://portal.wof.purified.link/fhir/CodeSystem/csServiceType {{serviceTypeCode}}}\">{{serviceTypeCode}}</span></p><p><b>start</b>: May 14, 2021 8:30:00 AM</p><p><b>end</b>: May 14, 2021 9:00:00 AM</p><blockquote><p><b>participant</b></p><p><b>actor</b>: <a href=\"HealthcareService/{{healthCareServiceID}}\">HealthcareService/{{healthCareServiceID}}</a></p><p><b>status</b>: accepted</p></blockquote><blockquote><p><b>participant</b></p><p><b>actor</b>: <a href=\"Patient/649\">Patient/649</a></p><p><b>status</b>: accepted</p></blockquote><blockquote><p><b>participant</b></p><p><b>actor</b>: <a href=\"PractitionerRole/{{practitionerRoleId}}\">PractitionerRole/{{practitionerRoleId}}</a></p><p><b>status</b>: accepted</p></blockquote></div>"
  },
  "status": "proposed",
  "serviceType": [
    {
      "coding": [
        {
          "system": "http://portal.wof.purified.link/fhir/CodeSystem/csServiceType",
          "code": "{{serviceTypeCode}}"
        }
      ]
    }
  ],
  "start": "2021-05-14T06:30:00+00:00",
  "end": "2021-05-14T07:00:00+00:00",
  "participant": [
    {
      "actor": {
        "reference": "HealthcareService/{{healthCareServiceID}}"
      },
      "status": "accepted"
    },
    {
      "actor": {
        "reference": "Patient/649"
      },
      "status": "accepted"
    },
    {
      "actor": {
        "reference": "PractitionerRole/{{practitionerRoleId}}"
      },
      "status": "accepted"
    }
  ]
}