{
  "resourceType": "Appointment",
  "id": "ITBAppointmentAvailableForReschedule",
  "meta": {
    "profile": [
      "http://portal.wof.purified.link/fhir/StructureDefinition/ITBAppointment"
    ],
    "tag": [
      {
        "system": "http://portal.wof.purified.link/fhir/CodeSystem/csAvailableForCancellation",
        "code": "false"
      },
      {
        "system": "http://portal.wof.purified.link/fhir/CodeSystem/csAvailableForReschedule",
        "code": "true"
      }
    ]
  },
  "text": {
    "status": "generated",
    "div": "<div xmlns=\"http://www.w3.org/1999/xhtml\"><p><b>Generated Narrative</b></p><p><b>status</b>: booked</p><p><b>serviceType</b>: <span title=\"Codes: {http://portal.wof.purified.link/fhir/CodeSystem/csServiceType examination}\">examination</span></p><p><b>start</b>: May 7, 2021 10:00:00 AM</p><p><b>end</b>: May 7, 2021 10:30:00 AM</p><p><b>minutesDuration</b>: 30</p><blockquote><p><b>participant</b></p><p><b>actor</b>: <a href=\"Patient/649\">Patient</a></p><p><b>status</b>: accepted</p></blockquote><blockquote><p><b>participant</b></p><p><b>actor</b>: <a href=\"PractitionerRole/53248079-fd9b-4de5-8d22-d93068542def\">Tannpleier Sara Larsson</a></p><p><b>status</b>: accepted</p></blockquote><blockquote><p><b>participant</b></p><p><b>actor</b>: <a href=\"HealthcareService/b81f2315-7476-45e8-9ae6-51f547e2d82e\">En sjov gutt clinic</a></p><p><b>status</b>: accepted</p></blockquote><blockquote><p><b>participant</b></p><p><b>actor</b>: <a href=\"Device/4\">Device</a></p><p><b>status</b>: accepted</p></blockquote></div>"
  },
  "status": "booked",
  "serviceType": [
    {
      "coding": [
        {
          "system": "http://portal.wof.purified.link/fhir/CodeSystem/csServiceType",
          "code": "examination"
        }
      ]
    }
  ],
  "start": "2021-05-07T08:00:00+00:00",
  "end": "2021-05-07T08:30:00+00:00",
  "minutesDuration": 30,
  "participant": [
    {
      "actor": {
        "reference": "Patient/649",
        "display": "Patient"
      },
      "status": "accepted"
    },
    {
      "actor": {
        "reference": "PractitionerRole/53248079-fd9b-4de5-8d22-d93068542def",
        "display": "Tannpleier Sara Larsson"
      },
      "status": "accepted"
    },
    {
      "actor": {
        "reference": "HealthcareService/b81f2315-7476-45e8-9ae6-51f547e2d82e",
        "display": "En sjov gutt clinic"
      },
      "status": "accepted"
    },
    {
      "actor": {
        "reference": "Device/4",
        "display": "Device"
      },
      "status": "accepted"
    }
  ]
}