{
  "resourceType": "Patient",
  "id": "PatientExample",
  "meta": {
    "profile": [
      "http://portal.wof.purified.link/fhir/StructureDefinition/ITBPatient"
    ]
  },
  "text": {
    "status": "generated",
    "div": "<div xmlns=\"http://www.w3.org/1999/xhtml\"><p><b>Generated Narrative</b></p><p><b>identifier</b>: id: 110384-98330, patientId: 649</p><p><b>name</b>: Johansen Øyvind Petter</p><p><b>telecom</b>: <a href=\"mailto:test@fhir.link\">test@fhir.link</a>, ph: 0708664086(MOBILE)</p><p><b>birthDate</b>: 1984-03-11</p></div>"
  },
  "identifier": [
    {
      "system": "urn:oid:2.16.578.1.12.4.1.4.1",
      "value": "110384-98330"
    },
    {
      "type": {
        "coding": [
          {
            "system": "http://opusdental.purified.link/fhir/CodeSystem/csOpusIdentifier",
            "code": "patientId"
          }
        ]
      },
      "system": "itbDev-colosseum-opus-nationaltheatret/fhir/NamingSystem/nspatientId",
      "value": "649"
    }
  ],
  "name": [
    {
      "text": "Johansen Øyvind Petter",
      "family": "Johansen",
      "given": [
        "Øyvind Petter"
      ]
    }
  ],
  "telecom": [
    {
      "system": "email",
      "value": "test@fhir.link",
      "use": "home"
    },
    {
      "system": "phone",
      "value": "0708664086",
      "use": "mobile"
    }
  ],
  "birthDate": "1984-03-11"
}