{
  "resourceType": "ValueSet",
  "id": "opus-identifiers",
  "text": {
    "status": "generated",
    "div": "<div xmlns=\"http://www.w3.org/1999/xhtml\"><ul><li>Include these codes as defined in <code>http://terminology.hl7.org/CodeSystem/opus-identifiers</code><table class=\"none\"><tr><td style=\"white-space:nowrap\"><b>Code</b></td><td><b>Display</b></td></tr><tr><td>1</td><td>patientId</td></tr></table></li></ul></div>"
  },
  "url": "http://portal.wof.purified.link/fhir/ValueSet/opus-identifiers",
  "version": "0.1.0",
  "name": "OpusIdentifiers",
  "title": "Opus Identifiers",
  "status": "active",
  "date": "2021-12-10T12:59:28+01:00",
  "description": "This value set defines Opus identifiers",
  "compose": {
    "include": [
      {
        "system": "http://terminology.hl7.org/CodeSystem/opus-identifiers",
        "concept": [
          {
            "code": "1",
            "display": "patientId"
          }
        ]
      }
    ]
  }
}