{
  "resourceType" : "Bundle",
  "id" : "03d37ff2-2c2e-446d-95ce-2ea768781a57",
  "meta" : {
    "lastUpdated" : "2021-04-23T16:59:19.410+02:00"
  },
  "type" : "collection",
  "entry" : [{
    "fullUrl" : "http://portal.wof.purified.link/fhir/ValueSet/role-codes",
    "resource" : {
      "resourceType" : "ValueSet",
      "id" : "role-codes",
      "text" : {
        "status" : "generated",
        "div" : "<div xmlns=\"http://www.w3.org/1999/xhtml\"><p>This value set contains 2 concepts</p><p style=\"border: black 1px dotted; background-color: #EEEEEE; padding: 8px; margin-bottom: 8px\">Expansion based on SNOMED CT International edition 31-Jan 2021</p><p>All codes from system <a href=\"http://terminology.hl7.org/2.0.0/CodeSystem-v3-snomed-CT.html\"><code>http://snomed.info/sct</code></a></p><table class=\"codes\"><tr><td style=\"white-space:nowrap\"><b>Code</b></td><td><b>Display</b></td><td><b>Definition</b></td></tr><tr><td style=\"white-space:nowrap\"><a name=\"http---snomed.info-sct-106289002\"> </a><a href=\"http://browser.ihtsdotools.org/?perspective=full&amp;conceptId1=106289002\">106289002</a></td><td>tandläkare</td><td/></tr><tr><td style=\"white-space:nowrap\"><a name=\"http---snomed.info-sct-26042002\"> </a><a href=\"http://browser.ihtsdotools.org/?perspective=full&amp;conceptId1=26042002\">26042002</a></td><td>tandhygienist</td><td/></tr></table></div>"
      },
      "url" : "http://portal.wof.purified.link/fhir/ValueSet/role-codes",
      "version" : "0.1.0",
      "name" : "ITBRoleCodes",
      "title" : "ITB Role Codes",
      "status" : "active",
      "date" : "2021-04-23T16:59:19+02:00",
      "description" : "This value set defines role codes",
      "expansion" : {
        "identifier" : "urn:uuid:6836a26d-394c-4661-b317-64e30c78b401",
        "timestamp" : "2021-04-23T16:59:45+02:00",
        "total" : 2,
        "parameter" : [{
          "name" : "excludeNested",
          "valueBoolean" : false
        },
        {
          "name" : "limitedExpansion",
          "valueBoolean" : true
        },
        {
          "name" : "version",
          "valueString" : "http://snomed.info/sct|http://snomed.info/sct/900000000000207008/version/20210131"
        }],
        "contains" : [{
          "system" : "http://snomed.info/sct",
          "code" : "106289002",
          "display" : "tandläkare"
        },
        {
          "system" : "http://snomed.info/sct",
          "code" : "26042002",
          "display" : "tandhygienist"
        }]
      }
    }
  },
  {
    "fullUrl" : "http://portal.wof.purified.link/fhir/ValueSet/service-types",
    "resource" : {
      "resourceType" : "ValueSet",
      "id" : "service-types",
      "text" : {
        "status" : "generated",
        "div" : "<div xmlns=\"http://www.w3.org/1999/xhtml\"><p>This value set contains 1 concepts</p><p style=\"border: black 1px dotted; background-color: #EEEEEE; padding: 8px; margin-bottom: 8px\">Expansion based on http://terminology.hl7.org/CodeSystem/service-type version 4.0.1</p><p>All codes from system <a href=\"http://terminology.hl7.org/2.0.0/CodeSystem-service-type.html\"><code>http://terminology.hl7.org/CodeSystem/service-type</code></a></p><table class=\"codes\"><tr><td style=\"white-space:nowrap\"><b>Code</b></td><td><b>Display</b></td><td><b>Definition</b></td></tr><tr><td style=\"white-space:nowrap\"><a name=\"http---terminology.hl7.org-CodeSystem-service-type-88\"> </a>88</td><td>General dental</td><td>General dental</td></tr></table></div>"
      },
      "url" : "http://portal.wof.purified.link/fhir/ValueSet/service-types",
      "version" : "0.1.0",
      "name" : "ITBServiceTypes",
      "title" : "ITB Service Types",
      "status" : "active",
      "date" : "2021-04-23T16:59:19+02:00",
      "description" : "This value set defines service types",
      "expansion" : {
        "identifier" : "urn:uuid:381716e5-f9e0-4d4f-b1c1-48238376b047",
        "timestamp" : "2021-04-23T16:59:45+02:00",
        "total" : 1,
        "parameter" : [{
          "name" : "excludeNested",
          "valueBoolean" : false
        },
        {
          "name" : "limitedExpansion",
          "valueBoolean" : true
        },
        {
          "name" : "version",
          "valueString" : "http://terminology.hl7.org/CodeSystem/service-type|4.0.1"
        }],
        "contains" : [{
          "system" : "http://terminology.hl7.org/CodeSystem/service-type",
          "code" : "88",
          "display" : "General dental"
        }]
      }
    }
  },
  {
    "fullUrl" : "http://portal.wof.purified.link/fhir/ValueSet/role-codes",
    "resource" : {
      "resourceType" : "ValueSet",
      "id" : "role-codes",
      "text" : {
        "status" : "generated",
        "div" : "<div xmlns=\"http://www.w3.org/1999/xhtml\"><p>This value set contains 2 concepts</p><p style=\"border: black 1px dotted; background-color: #EEEEEE; padding: 8px; margin-bottom: 8px\">Expansion based on SNOMED CT International edition 31-Jan 2021</p><p>All codes from system <a href=\"http://terminology.hl7.org/2.0.0/CodeSystem-v3-snomed-CT.html\"><code>http://snomed.info/sct</code></a></p><table class=\"codes\"><tr><td style=\"white-space:nowrap\"><b>Code</b></td><td><b>Display</b></td><td><b>Definition</b></td></tr><tr><td style=\"white-space:nowrap\"><a name=\"http---snomed.info-sct-106289002\"> </a><a href=\"http://browser.ihtsdotools.org/?perspective=full&amp;conceptId1=106289002\">106289002</a></td><td>tandläkare</td><td/></tr><tr><td style=\"white-space:nowrap\"><a name=\"http---snomed.info-sct-26042002\"> </a><a href=\"http://browser.ihtsdotools.org/?perspective=full&amp;conceptId1=26042002\">26042002</a></td><td>tandhygienist</td><td/></tr></table></div>"
      },
      "url" : "http://portal.wof.purified.link/fhir/ValueSet/role-codes",
      "version" : "0.1.0",
      "name" : "ITBRoleCodes",
      "title" : "ITB Role Codes",
      "status" : "active",
      "date" : "2021-04-23T16:59:19+02:00",
      "description" : "This value set defines role codes",
      "expansion" : {
        "identifier" : "urn:uuid:6836a26d-394c-4661-b317-64e30c78b401",
        "timestamp" : "2021-04-23T16:59:45+02:00",
        "total" : 2,
        "parameter" : [{
          "name" : "excludeNested",
          "valueBoolean" : false
        },
        {
          "name" : "limitedExpansion",
          "valueBoolean" : true
        },
        {
          "name" : "version",
          "valueString" : "http://snomed.info/sct|http://snomed.info/sct/900000000000207008/version/20210131"
        }],
        "contains" : [{
          "system" : "http://snomed.info/sct",
          "code" : "106289002",
          "display" : "tandläkare"
        },
        {
          "system" : "http://snomed.info/sct",
          "code" : "26042002",
          "display" : "tandhygienist"
        }]
      }
    }
  }]
}