"Path","Slice Name","Alias(s)","Label","Min","Max","Must Support?","Is Modifier?","Is Summary?","Type(s)","Short","Definition","Comments","Requirements","Default Value","Meaning When Missing","Fixed Value","Pattern","Example","Minimum Value","Maximum Value","Maximum Length","Binding Strength","Binding Description","Binding Value Set","Code","Slicing Discriminator","Slicing Description","Slicing Ordered","Slicing Rules","Base Path","Base Min","Base Max","Condition(s)","Constraint(s)","Mapping: Workflow Pattern","Mapping: RIM Mapping","Mapping: FiveWs Pattern Mapping","Mapping: Object Implementation Information"
"ActivityDefinition","","","",0,*,"","","","","The definition of a specific activity to be taken, independent of any particular patient or context","This resource allows for the definition of some activity to be performed, independent of a particular patient, practitioner, or other performance context.","","","","","","","","","",,,,,"",,,,"ActivityDefinition",0,*,"","adf-0:Name should be usable as an identifier for the module by machine processing applications such as code generation {name.matches('[A-Z]([A-Za-z0-9_]){0,254}')}
dom-2:If the resource is contained in another resource, it SHALL NOT contain nested Resources {contained.contained.empty()}dom-3:If the resource is contained in another resource, it SHALL be referred to from elsewhere in the resource or SHALL refer to the containing resource {contained.where((('#'+id in (%resource.descendants().reference | %resource.descendants().as(canonical) | %resource.descendants().as(uri) | %resource.descendants().as(url))) or descendants().where(reference = '#').exists() or descendants().where(as(canonical) = '#').exists() or descendants().where(as(canonical) = '#').exists()).not()).trace('unmatched', id).empty()}dom-4:If a resource is contained in another resource, it SHALL NOT have a meta.versionId or a meta.lastUpdated {contained.meta.versionId.empty() and contained.meta.lastUpdated.empty()}dom-5:If a resource is contained in another resource, it SHALL NOT have a security label {contained.meta.security.empty()}dom-6:A resource should have narrative for robust management {text.`div`.exists()}","Definition","Entity. Role, or Act","Act[classCode=ACT; moodCode=DEFN]"
"ActivityDefinition.id","","","",1,1,"Y","","Y","string {[]} {[]}
","Logical id of this artifact","The logical id of the resource, as used in the URL for the resource. Once assigned, this value never changes.","The only time that a resource does not have an id is when it is being submitted to the server using a create operation.","","","","","","","","",,,,,"",,,,"Resource.id",0,1,"",""
"ActivityDefinition.meta","","","",0,1,"","","Y","Meta {[]} {[]}
","Metadata about the resource","The metadata about the resource. This is content that is maintained by the infrastructure. Changes to the content might not always be associated with version changes to the resource.","","","","","","","","","",,,,,"",,,,"Resource.meta",0,1,"","ele-1:All FHIR elements must have a @value or children {hasValue() or (children().count() > id.count())}
"
"ActivityDefinition.implicitRules","","","",0,1,"","Y","Y","uri {[]} {[]}
","A set of rules under which this content was created","A reference to a set of rules that were followed when the resource was constructed, and which must be understood when processing the content. Often, this is a reference to an implementation guide that defines the special rules along with other profiles etc.","Asserting this rule set restricts the content to be only understood by a limited set of trading partners. This inherently limits the usefulness of the data in the long term. However, the existing health eco-system is highly fractured, and not yet ready to define, collect, and exchange data in a generally computable sense. Wherever possible, implementers and/or specification writers should avoid using this element. Often, when used, the URL is a reference to an implementation guide that defines these special rules as part of it's narrative along with other profiles, value sets, etc.","","","","","","","","",,,,,"",,,,"Resource.implicitRules",0,1,"","ele-1:All FHIR elements must have a @value or children {hasValue() or (children().count() > id.count())}
"
"ActivityDefinition.language","","","",0,1,"","","","code {[]} {[]}
","Language of the resource content","The base language in which the resource is written.","Language is provided to support indexing and accessibility (typically, services such as text to speech use the language tag). The html language tag in the narrative applies  to the narrative. The language tag on the resource may be used to specify the language of other presentations generated from the data in the resource. Not all the content has to be in the base language. The Resource.language should not be assumed to apply to the narrative automatically. If a language is specified, it should it also be specified on the div element in the html (see rules in HTML5 for information about the relationship between xml:lang and the html lang attribute).","","","","","","","","",,"preferred","A human language.","http://hl7.org/fhir/ValueSet/languages","",,,,"Resource.language",0,1,"","ele-1:All FHIR elements must have a @value or children {hasValue() or (children().count() > id.count())}
"
"ActivityDefinition.text","","narrative
htmlxhtmldisplay","",0,1,"","","","Narrative {[]} {[]}
","Text summary of the resource, for human interpretation","A human-readable narrative that contains a summary of the resource and can be used to represent the content of the resource to a human. The narrative need not encode all the structured data, but is required to contain sufficient detail to make it ""clinically safe"" for a human to just read the narrative. Resource definitions may define what content should be represented in the narrative to ensure clinical safety.","Contained resources do not have narrative. Resources that are not contained SHOULD have a narrative. In some cases, a resource may only have text with little or no additional discrete data (as long as all minOccurs=1 elements are satisfied).  This may be necessary for data from legacy systems where information is captured as a ""text blob"" or where text is additionally entered raw or narrated and encoded information is added later.","","","","","","","","",,,,,"",,,,"DomainResource.text",0,1,"","ele-1:All FHIR elements must have a @value or children {hasValue() or (children().count() > id.count())}
","Act.text?"
"ActivityDefinition.contained","","inline resources
anonymous resourcescontained resources","",0,*,"","","","Resource {[]} {[]}
","Contained, inline Resources","These resources do not have an independent existence apart from the resource that contains them - they cannot be identified independently, and nor can they have their own independent transaction scope.","This should never be done when the content can be identified properly, as once identification is lost, it is extremely difficult (and context dependent) to restore it again. Contained resources may have profiles and tags In their meta elements, but SHALL NOT have security labels.","","","","","","","","",,,,,"",,,,"DomainResource.contained",0,*,"","","N/A"
"ActivityDefinition.extension","","","",0,*,"","","","Extension {[]} {[]}
","Extension","An Extension","","","","","","","","","",,,,,"","value:url}
","",,"open","DomainResource.extension",0,*,"","ele-1:All FHIR elements must have a @value or children {hasValue() or (children().count() > id.count())}
ext-1:Must have either extensions or value[x], not both {extension.exists() != value.exists()}"
"ActivityDefinition.extension","OpusBookingCategoryExtension","","",0,*,"","","","Extension {[CanonicalType[http://portal.wof.purified.link/fhir/StructureDefinition/extOpusBookingCategory]]} {[]}
","Optional Extensions Element","Optional Extension Element - found in all resources.","","","","","","","","","",,,,,"",,,,"DomainResource.extension",0,*,"ele-1
","ele-1:All FHIR elements must have a @value or children {hasValue() or (children().count() > id.count())}
ext-1:Must have either extensions or value[x], not both {extension.exists() != value.exists()}","n/a","N/A"
"ActivityDefinition.extension","OpusCryptobookingTextExtension","","",0,*,"","","","Extension {[CanonicalType[http://portal.wof.purified.link/fhir/StructureDefinition/extOpusCryptobookingText]]} {[]}
","Optional Extensions Element","Optional Extension Element - found in all resources.","","","","","","","","","",,,,,"",,,,"DomainResource.extension",0,*,"ele-1
","ele-1:All FHIR elements must have a @value or children {hasValue() or (children().count() > id.count())}
ext-1:Must have either extensions or value[x], not both {extension.exists() != value.exists()}","n/a","N/A"
"ActivityDefinition.modifierExtension","","extensions
user content","",0,*,"","Y","","Extension {[]} {[]}
","Extensions that cannot be ignored","May be used to represent additional information that is not part of the basic definition of the resource and that modifies the understanding of the element that contains it and/or the understanding of the containing element's descendants. Usually modifier elements provide negation or qualification. To make the use of extensions safe and manageable, there is a strict set of governance applied to the definition and use of extensions. Though any implementer is allowed to define an extension, there is a set of requirements that SHALL be met as part of the definition of the extension. Applications processing a resource are required to check for modifier extensions.

Modifier extensions SHALL NOT change the meaning of any elements on Resource or DomainResource (including cannot change the meaning of modifierExtension itself).","There can be no stigma associated with the use of extensions by any application, project, or standard - regardless of the institution or jurisdiction that uses or defines the extensions.  The use of extensions is what allows the FHIR specification to retain a core level of simplicity for everyone.","Modifier extensions allow for extensions that *cannot* be safely ignored to be clearly distinguished from the vast majority of extensions which can be safely ignored.  This promotes interoperability by eliminating the need for implementers to prohibit the presence of extensions. For further information, see the [definition of modifier extensions](http://hl7.org/fhir/R4/extensibility.html#modifierExtension).","","","","","","","",,,,,"",,,,"DomainResource.modifierExtension",0,*,"","ele-1:All FHIR elements must have a @value or children {hasValue() or (children().count() > id.count())}
ext-1:Must have either extensions or value[x], not both {extension.exists() != value.exists()}","N/A"
"ActivityDefinition.url","","","",0,1,"","","Y","uri {[]} {[]}
","Canonical identifier for this activity definition, represented as a URI (globally unique)","An absolute URI that is used to identify this activity definition when it is referenced in a specification, model, design or an instance; also called its canonical identifier. This SHOULD be globally unique and SHOULD be a literal address at which at which an authoritative instance of this activity definition is (or will be) published. This URL can be the target of a canonical reference. It SHALL remain the same when the activity definition is stored on different servers.","Can be a urn:uuid: or a urn:oid: but real http: addresses are preferred.  Multiple instances may share the same URL if they have a distinct version.

The determination of when to create a new version of a resource (same url, new version) vs. defining a new artifact is up to the author.  Considerations for making this decision are found in [Technical and Business Versions](http://hl7.org/fhir/R4/resource.html#versions). 

In some cases, the resource can no longer be found at the stated url, but the url itself cannot change. Implementations can use the [meta.source](http://hl7.org/fhir/R4/resource.html#meta) element to indicate where the current master source of the resource can be found.","Allows the activity definition to be referenced by a single globally unique identifier.","","","","","","","",,,,,"",,,,"ActivityDefinition.url",0,1,"","ele-1:All FHIR elements must have a @value or children {hasValue() or (children().count() > id.count())}
","Definition.url",".identifier[scope=BUSN;reliability=ISS]","FiveWs.identifier"
"ActivityDefinition.identifier","","","",0,*,"","","Y","Identifier {[]} {[]}
","Additional identifier for the activity definition","A formal identifier that is used to identify this activity definition when it is represented in other formats, or referenced in a specification, model, design or an instance.","Typically, this is used for identifiers that can go in an HL7 V3 II (instance identifier) data type, and can then identify this activity definition outside of FHIR, where it is not possible to use the logical URI.","Allows externally provided and/or usable business identifiers to be easily associated with the module.","","","","","","","",,,,,"",,,,"ActivityDefinition.identifier",0,*,"","ele-1:All FHIR elements must have a @value or children {hasValue() or (children().count() > id.count())}
","Definition.identifier",".identifier","FiveWs.identifier","no-gen-base"
"ActivityDefinition.version","","","",0,1,"","","Y","string {[]} {[]}
","Business version of the activity definition","The identifier that is used to identify this version of the activity definition when it is referenced in a specification, model, design or instance. This is an arbitrary value managed by the activity definition author and is not expected to be globally unique. For example, it might be a timestamp (e.g. yyyymmdd) if a managed version is not available. There is also no expectation that versions can be placed in a lexicographical sequence. To provide a version consistent with the Decision Support Service specification, use the format Major.Minor.Revision (e.g. 1.0.0). For more information on versioning knowledge assets, refer to the Decision Support Service specification. Note that a version is required for non-experimental active assets.","There may be different activity definition instances that have the same identifier but different versions.  The version can be appended to the url in a reference to allow a reference to a particular business version of the activity definition with the format [url]|[version].","","","","","","","","",,,,,"",,,,"ActivityDefinition.version",0,1,"","ele-1:All FHIR elements must have a @value or children {hasValue() or (children().count() > id.count())}
","Definition.version","N/A (to add?)","FiveWs.version"
"ActivityDefinition.name","","","",1,1,"Y","","Y","string {[]} {[]}
","Name for this activity definition (computer friendly)","A natural language name identifying the activity definition. This name should be usable as an identifier for the module by machine processing applications such as code generation.","The name is not expected to be globally unique. The name should be a simple alphanumeric type name to ensure that it is machine-processing friendly.","Support human navigation and code generation.","","","","","","","",,,,,"",,,,"ActivityDefinition.name",0,1,"inv-0
","ele-1:All FHIR elements must have a @value or children {hasValue() or (children().count() > id.count())}
","N/A"
"ActivityDefinition.title","","","",1,1,"Y","","Y","string {[]} {[]}
","Title for this activity definition (human friendly)","A short, descriptive, user-friendly title for the activity definition.","This name does not need to be machine-processing friendly and may contain punctuation, white-space, etc.","","","","","","","","",,,,,"",,,,"ActivityDefinition.title",0,1,"","ele-1:All FHIR elements must have a @value or children {hasValue() or (children().count() > id.count())}
","Definition.title",".title"
"ActivityDefinition.subtitle","","","",1,1,"Y","","","string {[]} {[]}
"," Subordinate title of the activity definition","An explanatory or alternate title for the activity definition giving additional information about its content.","","","","","","","","","",,,,,"",,,,"ActivityDefinition.subtitle",0,1,"","ele-1:All FHIR elements must have a @value or children {hasValue() or (children().count() > id.count())}
"
"ActivityDefinition.status","","","",1,1,"Y","Y","Y","code {[]} {[]}
","draft | active | retired | unknown","The status of this activity definition. Enables tracking the life-cycle of the content.","Allows filtering of activity definitions that are appropriate for use versus not.","","","","","","","","",,"required","The lifecycle status of an artifact.","http://hl7.org/fhir/ValueSet/publication-status|4.0.1","",,,,"ActivityDefinition.status",1,1,"","ele-1:All FHIR elements must have a @value or children {hasValue() or (children().count() > id.count())}
","Definition.status {different ValueSet}",".status","FiveWs.status"
"ActivityDefinition.experimental","","","",0,1,"","","Y","boolean {[]} {[]}
","For testing purposes, not real usage","A Boolean value to indicate that this activity definition is authored for testing purposes (or education/evaluation/marketing) and is not intended to be used for genuine usage.","Allows filtering of activity definitions that are appropriate for use versus not.","Enables experimental content to be developed following the same lifecycle that would be used for a production-level activity definition.","","","","","","","",,,,,"",,,,"ActivityDefinition.experimental",0,1,"","ele-1:All FHIR elements must have a @value or children {hasValue() or (children().count() > id.count())}
","Definition.experimental","N/A (to add?)","FiveWs.class"
"ActivityDefinition.subject[x]","","","",0,1,"","","","CodeableConcept {[]} {[]}
Reference {[]} {[CanonicalType[http://hl7.org/fhir/StructureDefinition/Group]]}","Type of individual the activity definition is intended for","A code or group definition that describes the intended subject of the activity being defined.","","","","Patient","","","","","",,"extensible","The possible types of subjects for an activity (E.g. Patient, Practitioner, Organization, Location, etc.).","http://hl7.org/fhir/ValueSet/subject-type","",,,,"ActivityDefinition.subject[x]",0,1,"","ele-1:All FHIR elements must have a @value or children {hasValue() or (children().count() > id.count())}
","Definition.subject"
"ActivityDefinition.date","","Revision Date
","",1,1,"Y","","Y","dateTime {[]} {[]}
","Date last changed","The date  (and optionally time) when the activity definition was published. The date must change when the business version changes and it must change if the status code changes. In addition, it should change when the substantive content of the activity definition changes.","Note that this is not the same as the resource last-modified-date, since the resource may be a secondary representation of the activity definition. Additional specific dates may be added as extensions or be found by consulting Provenances associated with past versions of the resource.","","","","","","","","",,,,,"",,,,"ActivityDefinition.date",0,1,"","ele-1:All FHIR elements must have a @value or children {hasValue() or (children().count() > id.count())}
","Definition.date",".participation[typeCode=AUT].time","FiveWs.recorded"
"ActivityDefinition.publisher","","","",0,1,"","","Y","string {[]} {[]}
","Name of the publisher (organization or individual)","The name of the organization or individual that published the activity definition.","Usually an organization but may be an individual. The publisher (or steward) of the activity definition is the organization or individual primarily responsible for the maintenance and upkeep of the activity definition. This is not necessarily the same individual or organization that developed and initially authored the content. The publisher is the primary point of contact for questions or issues with the activity definition. This item SHOULD be populated unless the information is available from context.","Helps establish the ""authority/credibility"" of the activity definition.  May also allow for contact.","","","","","","","",,,,,"",,,,"ActivityDefinition.publisher",0,1,"","ele-1:All FHIR elements must have a @value or children {hasValue() or (children().count() > id.count())}
","Definition.publisher {as string instead of CodeableConcept}",".participation[typeCode=AUT].role","FiveWs.witness"
"ActivityDefinition.contact","","","",0,*,"","","Y","ContactDetail {[]} {[]}
","Contact details for the publisher","Contact details to assist a user in finding and communicating with the publisher.","May be a web site, an email address, a telephone number, etc.","","","","","","","","",,,,,"",,,,"ActivityDefinition.contact",0,*,"","ele-1:All FHIR elements must have a @value or children {hasValue() or (children().count() > id.count())}
","Definition.contact",".participation[typeCode=CALLBCK].role"
"ActivityDefinition.description","","","",1,1,"Y","","Y","markdown {[]} {[]}
"," Natural language description of the activity definition","A free text natural language description of the activity definition from a consumer's perspective.","This description can be used to capture details such as why the activity definition was built, comments about misuse, instructions for clinical use and interpretation, literature references, examples from the paper world, etc. It is not a rendering of the activity definition as conveyed in the 'text' field of the resource itself. This item SHOULD be populated unless the information is available from context (e.g. the language of the activity definition is presumed to be the predominant language in the place the activity definition was created).","","","","","","","","",,,,,"",,,,"ActivityDefinition.description",0,1,"","ele-1:All FHIR elements must have a @value or children {hasValue() or (children().count() > id.count())}
","Definition.description",".text"
"ActivityDefinition.useContext","","","",0,*,"","","Y","UsageContext {[]} {[]}
","The context that the content is intended to support","The content was developed with a focus and intent of supporting the contexts that are listed. These contexts may be general categories (gender, age, ...) or may be references to specific programs (insurance plans, studies, ...) and may be used to assist with indexing and searching for appropriate activity definition instances.","When multiple useContexts are specified, there is no expectation that all or any of the contexts apply.","Assist in searching for appropriate content.","","","","","","","",,,,,"",,,,"ActivityDefinition.useContext",0,*,"","ele-1:All FHIR elements must have a @value or children {hasValue() or (children().count() > id.count())}
","Definition.useContext","N/A (to add?)"
"ActivityDefinition.jurisdiction","","","",0,*,"","","Y","CodeableConcept {[]} {[]}
","Intended jurisdiction for activity definition (if applicable)","A legal or geographic region in which the activity definition is intended to be used.","It may be possible for the activity definition to be used in jurisdictions other than those for which it was originally designed or intended.","","","","","","","","",,"extensible","Countries and regions within which this artifact is targeted for use.","http://hl7.org/fhir/ValueSet/jurisdiction","",,,,"ActivityDefinition.jurisdiction",0,*,"","ele-1:All FHIR elements must have a @value or children {hasValue() or (children().count() > id.count())}
","Definition.jurisdiction","N/A (to add?)"
"ActivityDefinition.purpose","","","",0,1,"","","","markdown {[]} {[]}
","Why this activity definition is defined","Explanation of why this activity definition is needed and why it has been designed as it has.","This element does not describe the usage of the activity definition. Instead, it provides traceability of ''why'' the resource is either needed or ''why'' it is defined as it is.  This may be used to point to source materials or specifications that drove the structure of this activity definition.","","","","","","","","",,,,,"",,,,"ActivityDefinition.purpose",0,1,"","ele-1:All FHIR elements must have a @value or children {hasValue() or (children().count() > id.count())}
","Definition.purpose",".reasonCode.text","FiveWs.why[x]","no-gen-base"
"ActivityDefinition.usage","","","",0,1,"","","","string {[]} {[]}
","Describes the clinical usage of the activity definition","A detailed description of how the activity definition is used from a clinical perspective.","","","","","","","","","",,,,,"",,,,"ActivityDefinition.usage",0,1,"","ele-1:All FHIR elements must have a @value or children {hasValue() or (children().count() > id.count())}
","N/A (to add?)"
"ActivityDefinition.copyright","","License
Restrictions","",0,1,"","","","markdown {[]} {[]}
","Use and/or publishing restrictions","A copyright statement relating to the activity definition and/or its contents. Copyright statements are generally legal restrictions on the use and publishing of the activity definition.","","Consumers must be able to determine any legal restrictions on the use of the activity definition and/or its content.","","","","","","","",,,,,"",,,,"ActivityDefinition.copyright",0,1,"","ele-1:All FHIR elements must have a @value or children {hasValue() or (children().count() > id.count())}
","Definition.copyright","N/A (to add?)","no-gen-base"
"ActivityDefinition.approvalDate","","","",0,1,"","","","date {[]} {[]}
","When the activity definition was approved by publisher","The date on which the resource content was approved by the publisher. Approval happens once when the content is officially approved for usage.","The 'date' element may be more recent than the approval date because of minor changes or editorial corrections.","","","","","","","","",,,,,"",,,,"ActivityDefinition.approvalDate",0,1,"","ele-1:All FHIR elements must have a @value or children {hasValue() or (children().count() > id.count())}
","Definition.approvalDate",".outboundRelationship[typeCode=""SUBJ""].act[classCode=CACT;moodCode=EVN;code=""approval""].effectiveTime","no-gen-base"
"ActivityDefinition.lastReviewDate","","","",0,1,"","","","date {[]} {[]}
","When the activity definition was last reviewed","The date on which the resource content was last reviewed. Review happens periodically after approval but does not change the original approval date.","If specified, this date follows the original approval date.","Gives a sense of how ""current"" the content is.  Resources that have not been reviewed in a long time may have a risk of being less appropriate/relevant.","","","","","","","",,,,,"",,,,"ActivityDefinition.lastReviewDate",0,1,"","ele-1:All FHIR elements must have a @value or children {hasValue() or (children().count() > id.count())}
","Definition.lastReviewDate",".outboundRelationship[typeCode=""SUBJ""; subsetCode=""RECENT""].act[classCode=CACT;moodCode=EVN;code=""review""].effectiveTime","no-gen-base"
"ActivityDefinition.effectivePeriod","","","",0,1,"","","Y","Period {[]} {[]}
","When the activity definition is expected to be used","The period during which the activity definition content was or is planned to be in active use.","The effective period for a activity definition  determines when the content is applicable for usage and is independent of publication and review dates. For example, a measure intended to be used for the year 2016 might be published in 2015.","Allows establishing a transition before a resource comes into effect and also allows for a sunsetting  process when new versions of the activity definition are or are expected to be used instead.","","","","","","","",,,,,"",,,,"ActivityDefinition.effectivePeriod",0,1,"","ele-1:All FHIR elements must have a @value or children {hasValue() or (children().count() > id.count())}
","Definition.effectivePeriod","N/A (to add?)","no-gen-base"
"ActivityDefinition.topic","","","",0,*,"","","","CodeableConcept {[]} {[]}
","E.g. Education, Treatment, Assessment, etc.","Descriptive topics related to the content of the activity. Topics provide a high-level categorization of the activity that can be useful for filtering and searching.","","Repositories must be able to determine how to categorize the activity definition so that it can be found by topical searches.","","","","","","","",,"example","High-level categorization of the definition, used for searching, sorting, and filtering.","http://hl7.org/fhir/ValueSet/definition-topic","",,,,"ActivityDefinition.topic",0,*,"","ele-1:All FHIR elements must have a @value or children {hasValue() or (children().count() > id.count())}
","N/A (to add?)"
"ActivityDefinition.author","","","",0,*,"","","","ContactDetail {[]} {[]}
","Who authored the content","An individiual or organization primarily involved in the creation and maintenance of the content.","","","","","","","","","",,,,,"",,,,"ActivityDefinition.author",0,*,"","ele-1:All FHIR elements must have a @value or children {hasValue() or (children().count() > id.count())}
",".participation[typeCode=AUT]"
"ActivityDefinition.editor","","","",0,*,"","","","ContactDetail {[]} {[]}
","Who edited the content","An individual or organization primarily responsible for internal coherence of the content.","","","","","","","","","",,,,,"",,,,"ActivityDefinition.editor",0,*,"","ele-1:All FHIR elements must have a @value or children {hasValue() or (children().count() > id.count())}
"
"ActivityDefinition.reviewer","","","",0,*,"","","","ContactDetail {[]} {[]}
","Who reviewed the content","An individual or organization primarily responsible for review of some aspect of the content.","","","","","","","","","",,,,,"",,,,"ActivityDefinition.reviewer",0,*,"","ele-1:All FHIR elements must have a @value or children {hasValue() or (children().count() > id.count())}
",".participation[typeCode=VRF] {not clear whether VRF best corresponds to reviewer or endorser}"
"ActivityDefinition.endorser","","","",0,*,"","","","ContactDetail {[]} {[]}
","Who endorsed the content","An individual or organization responsible for officially endorsing the content for use in some setting.","","","","","","","","","",,,,,"",,,,"ActivityDefinition.endorser",0,*,"","ele-1:All FHIR elements must have a @value or children {hasValue() or (children().count() > id.count())}
",".participation[typeCode=VRF] {not clear whether VRF best corresponds to reviewer or endorser}"
"ActivityDefinition.relatedArtifact","","","",0,*,"","","","RelatedArtifact {[]} {[]}
","Additional documentation, citations, etc.","Related artifacts such as additional documentation, justification, or bibliographic references.","Each related artifact is either an attachment, or a reference to another resource, but not both.","Activity definitions must be able to provide enough information for consumers of the content (and/or interventions or results produced by the content) to be able to determine and understand the justification for and evidence in support of the content.","","","","","","","",,,,,"",,,,"ActivityDefinition.relatedArtifact",0,*,"","ele-1:All FHIR elements must have a @value or children {hasValue() or (children().count() > id.count())}
",".outboundRelationship[typeCode=DOC,RSON,PREV, DRIV, USE, COMP] {successor would be PREV w/ inversionInd=true; No support for citation}"
"ActivityDefinition.library","","","",0,*,"","","","canonical {[]} {[CanonicalType[http://hl7.org/fhir/StructureDefinition/Library]]}
","Logic used by the activity definition","A reference to a Library resource containing any formal logic used by the activity definition.","","","","","","","","","",,,,,"",,,,"ActivityDefinition.library",0,*,"","ele-1:All FHIR elements must have a @value or children {hasValue() or (children().count() > id.count())}
",".outboundRelationship[typeCode=USE].target[classCode=GROUPER,moodCode=EVN]"
"ActivityDefinition.kind","","","",0,1,"","","Y","code {[]} {[]}
","Kind of resource","A description of the kind of resource the activity definition is representing. For example, a MedicationRequest, a ServiceRequest, or a CommunicationRequest. Typically, but not always, this is a Request resource.","May determine what types of extensions are permitted.","","","","","","","","",,"required","The kind of activity the definition is describing.","http://hl7.org/fhir/ValueSet/request-resource-types|4.0.1","",,,,"ActivityDefinition.kind",0,1,"","ele-1:All FHIR elements must have a @value or children {hasValue() or (children().count() > id.count())}
",".classCode"
"ActivityDefinition.profile","","","",0,1,"","","","canonical {[]} {[CanonicalType[http://hl7.org/fhir/StructureDefinition/StructureDefinition]]}
","What profile the resource needs to conform to","A profile to which the target of the activity definition is expected to conform.","","Allows profiles to be used to describe the types of activities that can be performed within a workflow, protocol, or order set.","","","","","","","",,,,,"",,,,"ActivityDefinition.profile",0,1,"","ele-1:All FHIR elements must have a @value or children {hasValue() or (children().count() > id.count())}
"
"ActivityDefinition.code","","","",1,1,"Y","","Y","CodeableConcept {[]} {[]}
","ServiceTypeCode used as a source code in a dynamic Code System. Used in url:s for linking to this service from external webpages","Detailed description of the type of activity; e.g. What lab test, what procedure, what kind of encounter.","Tends to be less relevant for activities involving particular products.","Allows matching performed to planned as well as validation against protocols.","","","","","","","",,"example","Detailed type of the activity; e.g. CBC.","http://hl7.org/fhir/ValueSet/procedure-code","",,,,"ActivityDefinition.code",0,1,"","ele-1:All FHIR elements must have a @value or children {hasValue() or (children().count() > id.count())}
",".code"
"ActivityDefinition.code.id","","","",0,1,"","","","string {[]} {[]}
","Unique id for inter-element referencing","Unique id for the element within a resource (for internal references). This may be any string value that does not contain spaces.","","","","","","","","","",,,,,"",,,,"Element.id",0,1,"","","n/a"
"ActivityDefinition.code.extension","","extensions
user content","",0,*,"","","","Extension {[]} {[]}
","Additional content defined by implementations","May be used to represent additional information that is not part of the basic definition of the element. To make the use of extensions safe and manageable, there is a strict set of governance  applied to the definition and use of extensions. Though any implementer can define an extension, there is a set of requirements that SHALL be met as part of the definition of the extension.","There can be no stigma associated with the use of extensions by any application, project, or standard - regardless of the institution or jurisdiction that uses or defines the extensions.  The use of extensions is what allows the FHIR specification to retain a core level of simplicity for everyone.","","","","","","","","",,,,,"","value:url}
","Extensions are always sliced by (at least) url",,"open","Element.extension",0,*,"","ele-1:All FHIR elements must have a @value or children {hasValue() or (children().count() > id.count())}
ext-1:Must have either extensions or value[x], not both {extension.exists() != value.exists()}","n/a"
"ActivityDefinition.code.coding","","","",0,*,"","","Y","Coding {[]} {[]}
","Code defined by a terminology system","A reference to a code defined by a terminology system.","Codes may be defined very casually in enumerations, or code lists, up to very formal definitions such as SNOMED CT - see the HL7 v3 Core Principles for more information.  Ordering of codings is undefined and SHALL NOT be used to infer meaning. Generally, at most only one of the coding values will be labeled as UserSelected = true.","Allows for alternative encodings within a code system, and translations to other code systems.","","","","","","","",,"required","","http://portal.wof.purified.link/fhir/ValueSet/service-types","",,,,"CodeableConcept.coding",0,*,"","ele-1:All FHIR elements must have a @value or children {hasValue() or (children().count() > id.count())}
","union(., ./translation)"
"ActivityDefinition.code.coding.id","","","",0,1,"","","","string {[]} {[]}
","Unique id for inter-element referencing","Unique id for the element within a resource (for internal references). This may be any string value that does not contain spaces.","","","","","","","","","",,,,,"",,,,"Element.id",0,1,"","","n/a"
"ActivityDefinition.code.coding.extension","","extensions
user content","",0,*,"","","","Extension {[]} {[]}
","Additional content defined by implementations","May be used to represent additional information that is not part of the basic definition of the element. To make the use of extensions safe and manageable, there is a strict set of governance  applied to the definition and use of extensions. Though any implementer can define an extension, there is a set of requirements that SHALL be met as part of the definition of the extension.","There can be no stigma associated with the use of extensions by any application, project, or standard - regardless of the institution or jurisdiction that uses or defines the extensions.  The use of extensions is what allows the FHIR specification to retain a core level of simplicity for everyone.","","","","","","","","",,,,,"","value:url}
","Extensions are always sliced by (at least) url",,"open","Element.extension",0,*,"","ele-1:All FHIR elements must have a @value or children {hasValue() or (children().count() > id.count())}
ext-1:Must have either extensions or value[x], not both {extension.exists() != value.exists()}","n/a"
"ActivityDefinition.code.coding.system","","","",0,1,"","","Y","uri {[]} {[]}
","Identity of the terminology system","The identification of the code system that defines the meaning of the symbol in the code.","The URI may be an OID (urn:oid:...) or a UUID (urn:uuid:...).  OIDs and UUIDs SHALL be references to the HL7 OID registry. Otherwise, the URI should come from HL7's list of FHIR defined special URIs or it should reference to some definition that establishes the system clearly and unambiguously.","Need to be unambiguous about the source of the definition of the symbol.","","","","<valueUri xmlns=""http://hl7.org/fhir"" value=""http://portal.wof.purified.link/fhir/CodeSystem/cs-servicetypes""/>","","","",,,,,"",,,,"Coding.system",0,1,"","ele-1:All FHIR elements must have a @value or children {hasValue() or (children().count() > id.count())}
","./codeSystem"
"ActivityDefinition.code.coding.version","","","",0,1,"","","Y","string {[]} {[]}
","Version of the system - if relevant","The version of the code system which was used when choosing this code. Note that a well-maintained code system does not need the version reported, because the meaning of codes is consistent across versions. However this cannot consistently be assured, and when the meaning is not guaranteed to be consistent, the version SHOULD be exchanged.","Where the terminology does not clearly define what string should be used to identify code system versions, the recommendation is to use the date (expressed in FHIR date format) on which that version was officially published as the version date.","","","","","","","","",,,,,"",,,,"Coding.version",0,1,"","ele-1:All FHIR elements must have a @value or children {hasValue() or (children().count() > id.count())}
","./codeSystemVersion"
"ActivityDefinition.code.coding.code","","","",0,1,"","","Y","code {[]} {[]}
","Symbol in syntax defined by the system","A symbol in syntax defined by the system. The symbol may be a predefined code or an expression in a syntax defined by the coding system (e.g. post-coordination).","","Need to refer to a particular code in the system.","","","","","","","",,,,,"",,,,"Coding.code",0,1,"","ele-1:All FHIR elements must have a @value or children {hasValue() or (children().count() > id.count())}
","./code"
"ActivityDefinition.code.coding.display","","","",0,1,"","","Y","string {[]} {[]}
","Representation defined by the system","A representation of the meaning of the code in the system, following the rules of the system.","","Need to be able to carry a human-readable meaning of the code for readers that do not know  the system.","","","","","","","",,,,,"",,,,"Coding.display",0,1,"","ele-1:All FHIR elements must have a @value or children {hasValue() or (children().count() > id.count())}
","CV.displayName"
"ActivityDefinition.code.coding.userSelected","","","",0,1,"","","Y","boolean {[]} {[]}
","If this coding was chosen directly by the user","Indicates that this coding was chosen by a user directly - e.g. off a pick list of available items (codes or displays).","Amongst a set of alternatives, a directly chosen code is the most appropriate starting point for new translations. There is some ambiguity about what exactly 'directly chosen' implies, and trading partner agreement may be needed to clarify the use of this element and its consequences more completely.","This has been identified as a clinical safety criterium - that this exact system/code pair was chosen explicitly, rather than inferred by the system based on some rules or language processing.","","","","","","","",,,,,"",,,,"Coding.userSelected",0,1,"","ele-1:All FHIR elements must have a @value or children {hasValue() or (children().count() > id.count())}
","CD.codingRationale"
"ActivityDefinition.code.text","","","",0,1,"","","Y","string {[]} {[]}
","Plain text representation of the concept","A human language representation of the concept as seen/selected/uttered by the user who entered the data and/or which represents the intended meaning of the user.","Very often the text is the same as a displayName of one of the codings.","The codes from the terminologies do not always capture the correct meaning with all the nuances of the human using them, or sometimes there is no appropriate code at all. In these cases, the text is used to capture the full meaning of the source.","","","","","","","",,,,,"",,,,"CodeableConcept.text",0,1,"","ele-1:All FHIR elements must have a @value or children {hasValue() or (children().count() > id.count())}
","./originalText[mediaType/code=""text/plain""]/data"
"ActivityDefinition.intent","","","",0,1,"","","","code {[]} {[]}
","proposal | plan | directive | order | original-order | reflex-order | filler-order | instance-order | option","Indicates the level of authority/intentionality associated with the activity and where the request should fit into the workflow chain.","","","","","","","","","",,"required","Codes indicating the degree of authority/intentionality associated with a request.","http://hl7.org/fhir/ValueSet/request-intent|4.0.1","",,,,"ActivityDefinition.intent",0,1,"","ele-1:All FHIR elements must have a @value or children {hasValue() or (children().count() > id.count())}
"
"ActivityDefinition.priority","","","",0,1,"","","","code {[]} {[]}
","routine | urgent | asap | stat","Indicates how quickly the activity  should be addressed with respect to other requests.","","","","","","","","","",,"required","Identifies the level of importance to be assigned to actioning the request.","http://hl7.org/fhir/ValueSet/request-priority|4.0.1","",,,,"ActivityDefinition.priority",0,1,"","ele-1:All FHIR elements must have a @value or children {hasValue() or (children().count() > id.count())}
"
"ActivityDefinition.doNotPerform","","","",0,1,"","Y","Y","boolean {[]} {[]}
","True if the activity should not be performed","Set this to true if the definition is to indicate that a particular activity should NOT be performed. If true, this element should be interpreted to reinforce a negative coding. For example NPO as a code with a doNotPerform of true would still indicate to NOT perform the action.","This element is not intended to be used to communicate a decision support response to cancel an order in progress. That should be done with the ""remove"" type of a PlanDefinition or RequestGroup.","","","","","","","","",,,,,"",,,,"ActivityDefinition.doNotPerform",0,1,"","ele-1:All FHIR elements must have a @value or children {hasValue() or (children().count() > id.count())}
"
"ActivityDefinition.timing[x]","","","",1,1,"","","","Duration {[]} {[]}
","When activity is to occur","The period, timing or frequency upon which the described activity is to occur.","","Allows prompting for activities and detection of missed planned activities.","","","","","","","",,,,,"","type:$this}
","",,"closed","ActivityDefinition.timing[x]",0,1,"","ele-1:All FHIR elements must have a @value or children {hasValue() or (children().count() > id.count())}
",".effectiveTime"
"ActivityDefinition.timing[x]","timingDuration","","",1,1,"Y","","","Duration {[]} {[]}
","Code for the Activity that is to be performed","The period, timing or frequency upon which the described activity is to occur.","","Allows prompting for activities and detection of missed planned activities.","","","","","","","",,,,,"",,,,"ActivityDefinition.timing[x]",0,1,"","ele-1:All FHIR elements must have a @value or children {hasValue() or (children().count() > id.count())}
",".effectiveTime"
"ActivityDefinition.location","","facility
","",0,1,"","","","Reference {[]} {[CanonicalType[http://hl7.org/fhir/StructureDefinition/Location]]}
","Where it should happen","Identifies the facility where the activity will occur; e.g. home, hospital, specific clinic, etc.","May reference a specific clinical location or may just identify a type of location.","Helps in planning of activity.","","","","","","","",,,,,"",,,,"ActivityDefinition.location",0,1,"","ele-1:All FHIR elements must have a @value or children {hasValue() or (children().count() > id.count())}
",".participation[typeCode=LOC].role"
"ActivityDefinition.participant","","","",1,1,"Y","","","BackboneElement {[]} {[]}
","The role that is requered to perform this activity","Indicates who should participate in performing the action described.","","","","","","","","","",,,,,"",,,,"ActivityDefinition.participant",0,*,"","ele-1:All FHIR elements must have a @value or children {hasValue() or (children().count() > id.count())}
",".participation[typeCode=PFM]"
"ActivityDefinition.participant.id","","","",0,1,"","","","string {[]} {[]}
","Unique id for inter-element referencing","Unique id for the element within a resource (for internal references). This may be any string value that does not contain spaces.","","","","","","","","","",,,,,"",,,,"Element.id",0,1,"","","n/a"
"ActivityDefinition.participant.extension","","extensions
user content","",0,*,"","","","Extension {[]} {[]}
","Additional content defined by implementations","May be used to represent additional information that is not part of the basic definition of the element. To make the use of extensions safe and manageable, there is a strict set of governance  applied to the definition and use of extensions. Though any implementer can define an extension, there is a set of requirements that SHALL be met as part of the definition of the extension.","There can be no stigma associated with the use of extensions by any application, project, or standard - regardless of the institution or jurisdiction that uses or defines the extensions.  The use of extensions is what allows the FHIR specification to retain a core level of simplicity for everyone.","","","","","","","","",,,,,"",,,,"Element.extension",0,*,"","ele-1:All FHIR elements must have a @value or children {hasValue() or (children().count() > id.count())}
ext-1:Must have either extensions or value[x], not both {extension.exists() != value.exists()}","n/a"
"ActivityDefinition.participant.modifierExtension","","extensions
user contentmodifiers","",0,*,"","Y","Y","Extension {[]} {[]}
","Extensions that cannot be ignored even if unrecognized","May be used to represent additional information that is not part of the basic definition of the element and that modifies the understanding of the element in which it is contained and/or the understanding of the containing element's descendants. Usually modifier elements provide negation or qualification. To make the use of extensions safe and manageable, there is a strict set of governance applied to the definition and use of extensions. Though any implementer can define an extension, there is a set of requirements that SHALL be met as part of the definition of the extension. Applications processing a resource are required to check for modifier extensions.

Modifier extensions SHALL NOT change the meaning of any elements on Resource or DomainResource (including cannot change the meaning of modifierExtension itself).","There can be no stigma associated with the use of extensions by any application, project, or standard - regardless of the institution or jurisdiction that uses or defines the extensions.  The use of extensions is what allows the FHIR specification to retain a core level of simplicity for everyone.","Modifier extensions allow for extensions that *cannot* be safely ignored to be clearly distinguished from the vast majority of extensions which can be safely ignored.  This promotes interoperability by eliminating the need for implementers to prohibit the presence of extensions. For further information, see the [definition of modifier extensions](http://hl7.org/fhir/R4/extensibility.html#modifierExtension).","","","","","","","",,,,,"",,,,"BackboneElement.modifierExtension",0,*,"","ele-1:All FHIR elements must have a @value or children {hasValue() or (children().count() > id.count())}
ext-1:Must have either extensions or value[x], not both {extension.exists() != value.exists()}","N/A"
"ActivityDefinition.participant.type","","","",1,1,"","","","code {[]} {[]}
","patient | practitioner | related-person | device","The type of participant in the action.","","","","","","","","","",,"required","The type of participant in the activity.","http://hl7.org/fhir/ValueSet/action-participant-type|4.0.1","",,,,"ActivityDefinition.participant.type",1,1,"","ele-1:All FHIR elements must have a @value or children {hasValue() or (children().count() > id.count())}
",".role.classCode"
"ActivityDefinition.participant.role","","","",1,1,"Y","","","CodeableConcept {[]} {[]}
","E.g. Nurse, Surgeon, Parent, etc.","The role the participant should play in performing the described action.","","","","","","","","","",,"example","Defines roles played by participants for the action.","http://hl7.org/fhir/ValueSet/action-participant-role","",,,,"ActivityDefinition.participant.role",0,1,"","ele-1:All FHIR elements must have a @value or children {hasValue() or (children().count() > id.count())}
",".role.code"
"ActivityDefinition.product[x]","","","",0,1,"","","","Reference {[]} {[CanonicalType[http://hl7.org/fhir/StructureDefinition/Medication], CanonicalType[http://hl7.org/fhir/StructureDefinition/Substance]]}
CodeableConcept {[]} {[]}","What's administered/supplied","Identifies the food, drug or other product being consumed or supplied in the activity.","","","","","","","","","",,"example","Code describing the type of substance or medication.","http://hl7.org/fhir/ValueSet/medication-codes","",,,,"ActivityDefinition.product[x]",0,1,"","ele-1:All FHIR elements must have a @value or children {hasValue() or (children().count() > id.count())}
",".participation[typeCode=CSM].role"
"ActivityDefinition.quantity","","dose
","",0,1,"","","","Quantity {[CanonicalType[http://hl7.org/fhir/StructureDefinition/SimpleQuantity]]} {[]}
","How much is administered/consumed/supplied","Identifies the quantity expected to be consumed at once (per dose, per meal, etc.).","","","","","","","","","",,,,,"",,,,"ActivityDefinition.quantity",0,1,"","ele-1:All FHIR elements must have a @value or children {hasValue() or (children().count() > id.count())}
",".quantity {for classCode=SPLY}"
"ActivityDefinition.dosage","","","",0,*,"","","","Dosage {[]} {[]}
","Detailed dosage instructions","Provides detailed dosage instructions in the same way that they are described for MedicationRequest resources.","If a dosage instruction is used, the definition should not specify timing or quantity.","","","","","","","","",,,,,"",,,,"ActivityDefinition.dosage",0,*,"","ele-1:All FHIR elements must have a @value or children {hasValue() or (children().count() > id.count())}
",".outboundRelationship[typeCode=COMP].target[classCode=SBADM; moodCode=DEFN]"
"ActivityDefinition.bodySite","","","",0,*,"","","","CodeableConcept {[]} {[]}
","What part of body to perform on","Indicates the sites on the subject's body where the procedure should be performed (I.e. the target sites).","Only used if not implicit in the code found in ServiceRequest.type.","Knowing where the procedure is made is important for tracking if multiple sites are possible.","","","","","","","",,"example","A code that identifies the anatomical location.","http://hl7.org/fhir/ValueSet/body-site","",,,,"ActivityDefinition.bodySite",0,*,"","ele-1:All FHIR elements must have a @value or children {hasValue() or (children().count() > id.count())}
",".targetSiteCode {for classCode=PROC, SBADM}"
"ActivityDefinition.specimenRequirement","","","",0,*,"","","","Reference {[]} {[CanonicalType[http://hl7.org/fhir/StructureDefinition/SpecimenDefinition]]}
","What specimens are required to perform this action","Defines specimen requirements for the action to be performed, such as required specimens for a lab test.","","Needed to represent lab order definitions.","","","","","","","",,,,,"",,,,"ActivityDefinition.specimenRequirement",0,*,"","ele-1:All FHIR elements must have a @value or children {hasValue() or (children().count() > id.count())}
"
"ActivityDefinition.observationRequirement","","","",0,*,"","","","Reference {[]} {[CanonicalType[http://hl7.org/fhir/StructureDefinition/ObservationDefinition]]}
","What observations are required to perform this action","Defines observation requirements for the action to be performed, such as body weight or surface area.","","Needed to represent observation definitions.","","","","","","","",,,,,"",,,,"ActivityDefinition.observationRequirement",0,*,"","ele-1:All FHIR elements must have a @value or children {hasValue() or (children().count() > id.count())}
"
"ActivityDefinition.observationResultRequirement","","","",0,*,"","","","Reference {[]} {[CanonicalType[http://hl7.org/fhir/StructureDefinition/ObservationDefinition]]}
","What observations must be produced by this action","Defines the observations that are expected to be produced by the action.","","","","","","","","","",,,,,"",,,,"ActivityDefinition.observationResultRequirement",0,*,"","ele-1:All FHIR elements must have a @value or children {hasValue() or (children().count() > id.count())}
"
"ActivityDefinition.transform","","","",0,1,"","","","canonical {[]} {[CanonicalType[http://hl7.org/fhir/StructureDefinition/StructureMap]]}
","Transform to apply the template","A reference to a StructureMap resource that defines a transform that can be executed to produce the intent resource using the ActivityDefinition instance as the input.","Note that if both a transform and dynamic values are specified, the dynamic values will be applied to the result of the transform.","","","","","","","","",,,,,"",,,,"ActivityDefinition.transform",0,1,"","ele-1:All FHIR elements must have a @value or children {hasValue() or (children().count() > id.count())}
","N/A"
"ActivityDefinition.dynamicValue","","","",0,*,"","","","BackboneElement {[]} {[]}
","Dynamic aspects of the definition","Dynamic values that will be evaluated to produce values for elements of the resulting resource. For example, if the dosage of a medication must be computed based on the patient's weight, a dynamic value would be used to specify an expression that calculated the weight, and the path on the request resource that would contain the result.","Dynamic values are applied in the order in which they are defined in the ActivityDefinition. Note that if both a transform and dynamic values are specified, the dynamic values will be applied to the result of the transform.","","","","","","","","",,,,,"",,,,"ActivityDefinition.dynamicValue",0,*,"","ele-1:All FHIR elements must have a @value or children {hasValue() or (children().count() > id.count())}
","N/A"
"ActivityDefinition.dynamicValue.id","","","",0,1,"","","","string {[]} {[]}
","Unique id for inter-element referencing","Unique id for the element within a resource (for internal references). This may be any string value that does not contain spaces.","","","","","","","","","",,,,,"",,,,"Element.id",0,1,"","","n/a"
"ActivityDefinition.dynamicValue.extension","","extensions
user content","",0,*,"","","","Extension {[]} {[]}
","Additional content defined by implementations","May be used to represent additional information that is not part of the basic definition of the element. To make the use of extensions safe and manageable, there is a strict set of governance  applied to the definition and use of extensions. Though any implementer can define an extension, there is a set of requirements that SHALL be met as part of the definition of the extension.","There can be no stigma associated with the use of extensions by any application, project, or standard - regardless of the institution or jurisdiction that uses or defines the extensions.  The use of extensions is what allows the FHIR specification to retain a core level of simplicity for everyone.","","","","","","","","",,,,,"",,,,"Element.extension",0,*,"","ele-1:All FHIR elements must have a @value or children {hasValue() or (children().count() > id.count())}
ext-1:Must have either extensions or value[x], not both {extension.exists() != value.exists()}","n/a"
"ActivityDefinition.dynamicValue.modifierExtension","","extensions
user contentmodifiers","",0,*,"","Y","Y","Extension {[]} {[]}
","Extensions that cannot be ignored even if unrecognized","May be used to represent additional information that is not part of the basic definition of the element and that modifies the understanding of the element in which it is contained and/or the understanding of the containing element's descendants. Usually modifier elements provide negation or qualification. To make the use of extensions safe and manageable, there is a strict set of governance applied to the definition and use of extensions. Though any implementer can define an extension, there is a set of requirements that SHALL be met as part of the definition of the extension. Applications processing a resource are required to check for modifier extensions.

Modifier extensions SHALL NOT change the meaning of any elements on Resource or DomainResource (including cannot change the meaning of modifierExtension itself).","There can be no stigma associated with the use of extensions by any application, project, or standard - regardless of the institution or jurisdiction that uses or defines the extensions.  The use of extensions is what allows the FHIR specification to retain a core level of simplicity for everyone.","Modifier extensions allow for extensions that *cannot* be safely ignored to be clearly distinguished from the vast majority of extensions which can be safely ignored.  This promotes interoperability by eliminating the need for implementers to prohibit the presence of extensions. For further information, see the [definition of modifier extensions](http://hl7.org/fhir/R4/extensibility.html#modifierExtension).","","","","","","","",,,,,"",,,,"BackboneElement.modifierExtension",0,*,"","ele-1:All FHIR elements must have a @value or children {hasValue() or (children().count() > id.count())}
ext-1:Must have either extensions or value[x], not both {extension.exists() != value.exists()}","N/A"
"ActivityDefinition.dynamicValue.path","","","",1,1,"","","","string {[]} {[]}
","The path to the element to be set dynamically","The path to the element to be customized. This is the path on the resource that will hold the result of the calculation defined by the expression. The specified path SHALL be a FHIRPath resolveable on the specified target type of the ActivityDefinition, and SHALL consist only of identifiers, constant indexers, and a restricted subset of functions. The path is allowed to contain qualifiers (.) to traverse sub-elements, as well as indexers ([x]) to traverse multiple-cardinality sub-elements (see the [Simple FHIRPath Profile](http://hl7.org/fhir/R4/fhirpath.html#simple) for full details).","The path attribute contains a [Simple FHIRPath Subset](http://hl7.org/fhir/R4/fhirpath.html#simple) that allows path traversal, but not calculation.","","","","","","","","",,,,,"",,,,"ActivityDefinition.dynamicValue.path",1,1,"","ele-1:All FHIR elements must have a @value or children {hasValue() or (children().count() > id.count())}
","N/A"
"ActivityDefinition.dynamicValue.expression","","","",1,1,"","","","Expression {[]} {[]}
","An expression that provides the dynamic value for the customization","An expression specifying the value of the customized element.","The expression may be inlined, or may be a reference to a named expression within a logic library referenced by the library element.","","","","","","","","",,,,,"",,,,"ActivityDefinition.dynamicValue.expression",1,1,"","ele-1:All FHIR elements must have a @value or children {hasValue() or (children().count() > id.count())}
","N/A"
