{
  "resourceType": "ValueSet",
  "id": "service-types",
  "text": {
    "status": "extensions",
    "div": "<div xmlns=\"http://www.w3.org/1999/xhtml\"><ul><li>Include these codes as defined in <a href=\"http://terminology.hl7.org/2.0.0/CodeSystem-service-type.html\"><code>http://terminology.hl7.org/CodeSystem/service-type</code></a><table class=\"none\"><tr><td style=\"white-space:nowrap\"><b>Code</b></td><td><b>Display</b></td><td><b>Definition</b></td></tr><tr><td>88</td><td>General dental</td><td>General dental</td></tr></table></li></ul></div>"
  },
  "url": "http://portal.wof.purified.link/fhir/ValueSet/service-types",
  "version": "0.1.1",
  "name": "ITBServiceTypes",
  "title": "ITB Service Types",
  "status": "active",
  "date": "2021-04-23T17:11:57+02:00",
  "publisher": "Service Well AB",
  "contact": [
    {
      "name": "Service Well AB",
      "telecom": [
        {
          "system": "url",
          "value": "http://www.servicewell.se"
        },
        {
          "system": "email",
          "value": "kontakt@servicewell.se"
        }
      ]
    }
  ],
  "description": "This value set defines service types",
  "compose": {
    "include": [
      {
        "system": "http://terminology.hl7.org/CodeSystem/service-type",
        "concept": [
          {
            "code": "88",
            "display": "General dental"
          }
        ]
      }
    ]
  }
}