{
  "resourceType": "ValueSet",
  "id": "service-types",
  "text": {
    "status": "extensions",
    "div": "<div xmlns=\"http://www.w3.org/1999/xhtml\"><ul><li>Include these codes as defined in <a href=\"http://terminology.hl7.org/2.0.0/CodeSystem-service-type.html\"><code>http://terminology.hl7.org/CodeSystem/service-type</code></a><table class=\"none\"><tr><td style=\"white-space:nowrap\"><b>Code</b></td><td><b>Display</b></td><td><b>Definition</b></td></tr><tr><td>88</td><td>General dental</td><td>General dental</td></tr></table></li></ul></div>"
  },
  "url": "http://portal.wof.purified.link/fhir/ValueSet/service-types",
  "version": "0.1.0",
  "name": "ITBServiceTypes",
  "title": "ITB Service Types",
  "status": "active",
  "date": "2021-06-22T14:11:11+02:00",
  "description": "This value set defines service types",
  "compose": {
    "include": [
      {
        "system": "http://terminology.hl7.org/CodeSystem/service-type",
        "concept": [
          {
            "code": "88",
            "display": "General dental"
          }
        ]
      }
    ]
  }
}