<?xml version="1.0" encoding="UTF-8"?>

<Bundle xmlns="http://hl7.org/fhir">
  <id value="a56d94c7-0239-44de-8bb5-50d48815aa4f"/>
  <meta>
    <lastUpdated value="2021-06-22T14:11:11.266+02:00"/>
  </meta>
  <type value="collection"/>
  <entry>
    <resource>
      <ValueSet>
        <language value="en"/>
        <text>
          <status value="generated"/>
          <div xmlns="http://www.w3.org/1999/xhtml" xml:lang="en" lang="en">
            <p>This value set contains 2 concepts</p>
            <p style="border: black 1px dotted; background-color: #EEEEEE; padding: 8px; margin-bottom: 8px">Expansion based on SNOMED CT International edition 31-Jan 2021</p>
            <p>All codes from system 
              <a href="http://terminology.hl7.org/2.0.0/CodeSystem-v3-snomed-CT.html">
                <code>http://snomed.info/sct</code>
              </a>
            </p>
            <table class="codes">
              <tr>
                <td style="white-space:nowrap">
                  <b>Code</b>
                </td>
                <td>
                  <b>Display</b>
                </td>
                <td>
                  <b>Definition</b>
                </td>
              </tr>
              <tr>
                <td style="white-space:nowrap">
                  <a name="http---snomed.info-sct-106289002"> </a>
                  <a href="http://browser.ihtsdotools.org/?perspective=full&amp;conceptId1=106289002">106289002</a>
                </td>
                <td>Dentist</td>
                <td/>
              </tr>
              <tr>
                <td style="white-space:nowrap">
                  <a name="http---snomed.info-sct-26042002"> </a>
                  <a href="http://browser.ihtsdotools.org/?perspective=full&amp;conceptId1=26042002">26042002</a>
                </td>
                <td>Dental hygienist</td>
                <td/>
              </tr>
            </table>
          </div>
        </text>
        <status value="active"/>
        <expansion>
          <identifier value="urn:uuid:89d8500d-72cf-4f9a-b699-646f86fb11c3"/>
          <timestamp value="2021-06-22T08:53:25.713Z"/>
          <parameter>
            <name value="limitedExpansion"/>
            <valueBoolean value="true"/>
          </parameter>
          <parameter>
            <name value="version"/>
            <valueString value="http://snomed.info/sct|http://snomed.info/sct/900000000000207008/version/20210131"/>
          </parameter>
          <contains>
            <system value="http://snomed.info/sct"/>
            <code value="106289002"/>
            <display value="Dentist"/>
          </contains>
          <contains>
            <system value="http://snomed.info/sct"/>
            <code value="26042002"/>
            <display value="Dental hygienist"/>
          </contains>
        </expansion>
      </ValueSet>
    </resource>
  </entry>
  <entry>
    <resource>
      <ValueSet>
        <language value="en"/>
        <text>
          <status value="generated"/>
          <div xmlns="http://www.w3.org/1999/xhtml" xml:lang="en" lang="en">
            <p>This value set contains 1 concepts</p>
            <p style="border: black 1px dotted; background-color: #EEEEEE; padding: 8px; margin-bottom: 8px">Expansion based on http://terminology.hl7.org/CodeSystem/service-type version 4.0.1</p>
            <p>All codes from system 
              <a href="http://terminology.hl7.org/2.0.0/CodeSystem-service-type.html">
                <code>http://terminology.hl7.org/CodeSystem/service-type</code>
              </a>
            </p>
            <table class="codes">
              <tr>
                <td style="white-space:nowrap">
                  <b>Code</b>
                </td>
                <td>
                  <b>Display</b>
                </td>
                <td>
                  <b>Definition</b>
                </td>
              </tr>
              <tr>
                <td style="white-space:nowrap">
                  <a name="http---terminology.hl7.org-CodeSystem-service-type-88"> </a>88
                </td>
                <td>General Dental</td>
                <td>General dental</td>
              </tr>
            </table>
          </div>
        </text>
        <status value="active"/>
        <expansion>
          <identifier value="urn:uuid:2a88d528-b95a-4a1a-af52-015619d8cc2a"/>
          <timestamp value="2021-06-22T08:53:26.572Z"/>
          <parameter>
            <name value="limitedExpansion"/>
            <valueBoolean value="true"/>
          </parameter>
          <parameter>
            <name value="version"/>
            <valueString value="http://terminology.hl7.org/CodeSystem/service-type|4.0.1"/>
          </parameter>
          <contains>
            <extension url="http://hl7.org/fhir/StructureDefinition/valueset-definition">
              <valueString value="General dental"/>
            </extension>
            <system value="http://terminology.hl7.org/CodeSystem/service-type"/>
            <code value="88"/>
            <display value="General Dental"/>
          </contains>
        </expansion>
      </ValueSet>
    </resource>
  </entry>
  <entry>
    <resource>
      <ValueSet>
        <language value="en"/>
        <text>
          <status value="generated"/>
          <div xmlns="http://www.w3.org/1999/xhtml" xml:lang="en" lang="en">
            <p>This value set contains 2 concepts</p>
            <p style="border: black 1px dotted; background-color: #EEEEEE; padding: 8px; margin-bottom: 8px">Expansion based on SNOMED CT International edition 31-Jan 2021</p>
            <p>All codes from system 
              <a href="http://terminology.hl7.org/2.0.0/CodeSystem-v3-snomed-CT.html">
                <code>http://snomed.info/sct</code>
              </a>
            </p>
            <table class="codes">
              <tr>
                <td style="white-space:nowrap">
                  <b>Code</b>
                </td>
                <td>
                  <b>Display</b>
                </td>
                <td>
                  <b>Definition</b>
                </td>
              </tr>
              <tr>
                <td style="white-space:nowrap">
                  <a name="http---snomed.info-sct-106289002"> </a>
                  <a href="http://browser.ihtsdotools.org/?perspective=full&amp;conceptId1=106289002">106289002</a>
                </td>
                <td>Dentist</td>
                <td/>
              </tr>
              <tr>
                <td style="white-space:nowrap">
                  <a name="http---snomed.info-sct-26042002"> </a>
                  <a href="http://browser.ihtsdotools.org/?perspective=full&amp;conceptId1=26042002">26042002</a>
                </td>
                <td>Dental hygienist</td>
                <td/>
              </tr>
            </table>
          </div>
        </text>
        <status value="active"/>
        <expansion>
          <identifier value="urn:uuid:89d8500d-72cf-4f9a-b699-646f86fb11c3"/>
          <timestamp value="2021-06-22T08:53:25.713Z"/>
          <parameter>
            <name value="limitedExpansion"/>
            <valueBoolean value="true"/>
          </parameter>
          <parameter>
            <name value="version"/>
            <valueString value="http://snomed.info/sct|http://snomed.info/sct/900000000000207008/version/20210131"/>
          </parameter>
          <contains>
            <system value="http://snomed.info/sct"/>
            <code value="106289002"/>
            <display value="Dentist"/>
          </contains>
          <contains>
            <system value="http://snomed.info/sct"/>
            <code value="26042002"/>
            <display value="Dental hygienist"/>
          </contains>
        </expansion>
      </ValueSet>
    </resource>
  </entry>
</Bundle>