{"resourceType":"CapabilityStatement","id":"ITBCapabilityStatement","text":{"status":"extensions","div":"<div xmlns=\"http://www.w3.org/1999/xhtml\"><h2>ITB</h2><div><p>This is the FHIR capability statement for the ITB interface</p>\n</div><table><tr><td>Mode</td><td>SERVER</td></tr><tr><td>Description</td><td><div><p>Main FHIR endpoint for ITB</p>\n</div></td></tr><tr><td>Transaction</td><td>y</td></tr><tr><td>System History</td><td></td></tr><tr><td>System Search</td><td></td></tr></table><table><tr><th><b>Resource Type</b></th><th><b>Profile</b></th><th><b title=\"GET a resource (read interaction)\">Read</b></th><th><b title=\"GET all set of resources of the type (search interaction)\">Search</b></th><th><b title=\"PUT a new resource version (update interaction)\">Update</b></th><th><b title=\"POST a new resource (create interaction)\">Create</b></th></tr><tr><td>ActivityDefinition</td><td><a href=\"http://registry.fhir.org/r4/StructureDefinition/7896271d-57f6-4231-89dc-dcc91eab2416\">http://registry.fhir.org/r4/StructureDefinition/7896271d-57f6-4231-89dc-dcc91eab2416</a></td><td></td><td></td><td></td><td></td></tr></table></div>"},"url":"http://portal.wof.purified.link/fhir/CapabilityStatement","version":"0.1.0","name":"ITB","title":"ITB capability statement","status":"draft","experimental":true,"date":"2021-06-22","publisher":"Service Well","contact":[{"name":"System Administrator","telecom":[{"system":"email","value":"kontakt@servicewell.se"}]}],"description":"This is the FHIR capability statement for the ITB interface","useContext":[{"code":{"system":"http://terminology.hl7.org/CodeSystem/usage-context-type","code":"focus"},"valueCodeableConcept":{"coding":[{"system":"http://terminology.hl7.org/CodeSystem/variant-state","code":"positive"}]}}],"purpose":"ITB capability statement, published for contracting and operational support","copyright":"Copyright © Service Well AB","kind":"instance","instantiates":["http://ihe.org/fhir/CapabilityStatement/pixm-client"],"software":{"name":"ITB","version":"0.0.0","releaseDate":"2021-09-01"},"implementation":{"description":"WOF"},"fhirVersion":"4.0.1","format":["json"],"patchFormat":["application/json-patch+json"],"implementationGuide":["https://build.fhir.org/ig/barbrov/wof-portal-fhir-ig/"],"rest":[{"mode":"server","documentation":"Main FHIR endpoint for ITB","security":{"cors":true,"service":[{"coding":[{"system":"http://terminology.hl7.org/CodeSystem/restful-security-service","code":"SMART-on-FHIR"}]}],"description":"See Smart on FHIR documentation"},"resource":[{"type":"ActivityDefinition","profile":"http://registry.fhir.org/r4/StructureDefinition/7896271d-57f6-4231-89dc-dcc91eab2416","supportedProfile":["http://registry.fhir.org/r4/StructureDefinition/00ab9e7a-06c7-4f77-9234-4154ca1e3347"],"documentation":"This server does not let the clients create identities.","versioning":"versioned-update","readHistory":true,"updateCreate":false,"conditionalCreate":true,"conditionalRead":"full-support","conditionalUpdate":false,"conditionalDelete":"not-supported","searchInclude":["Organization"],"searchRevInclude":["Person"],"searchParam":[{"name":"general-practitioner","definition":"http://hl7.org/fhir/SearchParameter/Patient-identifier","type":"reference","documentation":"Only supports search by institution MRN"}]}],"interaction":[{"code":"transaction"}],"compartment":["http://hl7.org/fhir/CompartmentDefinition/patient"]}],"messaging":[{"endpoint":[{"protocol":{"system":"http://terminology.hl7.org/CodeSystem/message-transport","code":"mllp"},"address":"mllp:10.1.1.10:9234"}],"reliableCache":30,"documentation":"ADT A08 equivalent for external system notifications","supportedMessage":[{"mode":"receiver","definition":"MessageDefinition/example"}]}],"document":[{"mode":"consumer","documentation":"Basic rules for all documents in the EHR system","profile":"http://fhir.hl7.org/base/Profilebc054d23-75e1-4dc6-aca5-838b6b1ac81d/_history/b5fdd9fc-b021-4ea1-911a-721a60663796"}]}