{"resourceType":"ImplementationGuide","id":"portal.wof.purified.link","text":{"status":"extensions","div":"<div xmlns=\"http://www.w3.org/1999/xhtml\"><h2>ITBImplementationGuide</h2><p>The official URL for this implementation guide is: </p><pre>http://portal.wof.purified.link/fhir/ImplementationGuide/portal.wof.purified.link</pre><div><p>Implementation Guide for ITB</p>\n</div></div>"},"url":"http://portal.wof.purified.link/fhir/ImplementationGuide/portal.wof.purified.link","version":"0.1.0","name":"ITBImplementationGuide","title":"ITB Implementatoin Guide","status":"draft","date":"2021-06-22T14:11:11+02:00","description":"Implementation Guide for ITB","packageId":"portal.wof.purified.link","license":"CC0-1.0","fhirVersion":["4.0.1"],"definition":{"extension":[{"extension":[{"url":"code","valueString":"copyrightyear"},{"url":"value","valueString":"2020+"}],"url":"http://hl7.org/fhir/tools/StructureDefinition/ig-parameter"},{"extension":[{"url":"code","valueString":"releaselabel"},{"url":"value","valueString":"Release Label"}],"url":"http://hl7.org/fhir/tools/StructureDefinition/ig-parameter"},{"extension":[{"url":"code","valueString":"show-inherited-invariants"},{"url":"value","valueString":"false"}],"url":"http://hl7.org/fhir/tools/StructureDefinition/ig-parameter"},{"extension":[{"url":"code","valueString":"path-liquid"},{"url":"value","valueString":"template/liquid"}],"url":"http://hl7.org/fhir/tools/StructureDefinition/ig-parameter"},{"extension":[{"url":"code","valueString":"path-liquid"},{"url":"value","valueString":"input/liquid"}],"url":"http://hl7.org/fhir/tools/StructureDefinition/ig-parameter"},{"extension":[{"url":"code","valueString":"path-qa"},{"url":"value","valueString":"temp/qa"}],"url":"http://hl7.org/fhir/tools/StructureDefinition/ig-parameter"},{"extension":[{"url":"code","valueString":"path-temp"},{"url":"value","valueString":"temp/pages"}],"url":"http://hl7.org/fhir/tools/StructureDefinition/ig-parameter"},{"extension":[{"url":"code","valueString":"path-output"},{"url":"value","valueString":"output"}],"url":"http://hl7.org/fhir/tools/StructureDefinition/ig-parameter"},{"extension":[{"url":"code","valueString":"path-suppressed-warnings"},{"url":"value","valueString":"input/ignoreWarnings.txt"}],"url":"http://hl7.org/fhir/tools/StructureDefinition/ig-parameter"},{"extension":[{"url":"code","valueString":"path-history"},{"url":"value","valueString":"http://portal.wof.purified.link/fhir/history.html"}],"url":"http://hl7.org/fhir/tools/StructureDefinition/ig-parameter"},{"extension":[{"url":"code","valueString":"template-html"},{"url":"value","valueString":"template-page.html"}],"url":"http://hl7.org/fhir/tools/StructureDefinition/ig-parameter"},{"extension":[{"url":"code","valueString":"template-md"},{"url":"value","valueString":"template-page-md.html"}],"url":"http://hl7.org/fhir/tools/StructureDefinition/ig-parameter"},{"extension":[{"url":"code","valueString":"apply-contact"},{"url":"value","valueString":"true"}],"url":"http://hl7.org/fhir/tools/StructureDefinition/ig-parameter"},{"extension":[{"url":"code","valueString":"apply-context"},{"url":"value","valueString":"true"}],"url":"http://hl7.org/fhir/tools/StructureDefinition/ig-parameter"},{"extension":[{"url":"code","valueString":"apply-copyright"},{"url":"value","valueString":"true"}],"url":"http://hl7.org/fhir/tools/StructureDefinition/ig-parameter"},{"extension":[{"url":"code","valueString":"apply-jurisdiction"},{"url":"value","valueString":"true"}],"url":"http://hl7.org/fhir/tools/StructureDefinition/ig-parameter"},{"extension":[{"url":"code","valueString":"apply-license"},{"url":"value","valueString":"true"}],"url":"http://hl7.org/fhir/tools/StructureDefinition/ig-parameter"},{"extension":[{"url":"code","valueString":"apply-publisher"},{"url":"value","valueString":"true"}],"url":"http://hl7.org/fhir/tools/StructureDefinition/ig-parameter"},{"extension":[{"url":"code","valueString":"apply-version"},{"url":"value","valueString":"true"}],"url":"http://hl7.org/fhir/tools/StructureDefinition/ig-parameter"},{"extension":[{"url":"code","valueString":"active-tables"},{"url":"value","valueString":"true"}],"url":"http://hl7.org/fhir/tools/StructureDefinition/ig-parameter"}],"grouping":[{"id":"-dyn-capabilitystatement","name":"Behavior: Capability Statements","description":"The following artifacts define the specific capabilities that different types of systems are expected to have in order to comply with this implementation guide.  Systems conforming to this implementation guide are expected to declare conformance to one or more of the following capability statements."},{"id":"-str-profile","name":"Structures: Resource Profiles","description":"These define constraints on FHIR resources for systems conforming to this implementation guide"},{"id":"-str-extension","name":"Structures: Extension Definitions","description":"These define constraints on FHIR data types for systems conforming to this implementation guide"},{"id":"-term-valueset","name":"Terminology: Value Sets","description":"These define sets of codes used by systems conforming to this implementation guide"},{"id":"-term-codesystem","name":"Terminology: Code Systems","description":"These define new code systems used by systems conforming to this implementation guide"}],"resource":[{"extension":[{"url":"http://hl7.org/fhir/StructureDefinition/implementationguide-page","valueUri":"StructureDefinition-ITBActivityDefinition.html"}],"reference":{"reference":"StructureDefinition/ITBActivityDefinition"},"name":"ITB ActivityDefinition","description":"ITBActivityDefinition is used to handle  ..","exampleBoolean":false,"groupingId":"-str-profile"},{"extension":[{"url":"http://hl7.org/fhir/StructureDefinition/implementationguide-page","valueUri":"StructureDefinition-ITBAppointment.html"}],"reference":{"reference":"StructureDefinition/ITBAppointment"},"name":"ITB Appointment","description":"ITBAppointment is used to handle  ..","exampleBoolean":false,"groupingId":"-str-profile"},{"extension":[{"url":"http://hl7.org/fhir/StructureDefinition/implementationguide-page","valueUri":"StructureDefinition-ITBAppointmentResponse.html"}],"reference":{"reference":"StructureDefinition/ITBAppointmentResponse"},"name":"ITB AppointmentResponse","description":"ITBAppointmentResponse is used to handle  ..","exampleBoolean":false,"groupingId":"-str-profile"},{"extension":[{"url":"http://hl7.org/fhir/StructureDefinition/implementationguide-page","valueUri":"StructureDefinition-ITBEndpoint.html"}],"reference":{"reference":"StructureDefinition/ITBEndpoint"},"name":"ITB Endpoint","description":"ITB Endpoint is used to handle  ..","exampleBoolean":false,"groupingId":"-str-profile"},{"extension":[{"url":"http://hl7.org/fhir/StructureDefinition/implementationguide-page","valueUri":"StructureDefinition-ITBHealthcareService.html"}],"reference":{"reference":"StructureDefinition/ITBHealthcareService"},"name":"ITB HealthcareService","description":"ITBHealthcareService...","exampleBoolean":false,"groupingId":"-str-profile"},{"extension":[{"url":"http://hl7.org/fhir/StructureDefinition/implementationguide-page","valueUri":"StructureDefinition-ITBOrganization.html"}],"reference":{"reference":"StructureDefinition/ITBOrganization"},"name":"ITB Organization","description":"TBD","exampleBoolean":false,"groupingId":"-str-profile"},{"extension":[{"url":"http://hl7.org/fhir/StructureDefinition/implementationguide-page","valueUri":"StructureDefinition-ITBPatient.html"}],"reference":{"reference":"StructureDefinition/ITBPatient"},"name":"ITB Patient","exampleBoolean":false,"groupingId":"-str-profile"},{"extension":[{"url":"http://hl7.org/fhir/StructureDefinition/implementationguide-page","valueUri":"StructureDefinition-ITBPractitionerRole.html"}],"reference":{"reference":"StructureDefinition/ITBPractitionerRole"},"name":"ITB PractitionerRole","description":"PractitionerRole is an actor in Patient Portal and can become a bookable entity","exampleBoolean":false,"groupingId":"-str-profile"},{"extension":[{"url":"http://hl7.org/fhir/StructureDefinition/implementationguide-page","valueUri":"StructureDefinition-ITBSchedule.html"}],"reference":{"reference":"StructureDefinition/ITBSchedule"},"name":"ITB Schedule","exampleBoolean":false,"groupingId":"-str-profile"},{"extension":[{"url":"http://hl7.org/fhir/StructureDefinition/implementationguide-page","valueUri":"StructureDefinition-ITBSlot.html"}],"reference":{"reference":"StructureDefinition/ITBSlot"},"name":"ITB Slot","exampleBoolean":false,"groupingId":"-str-profile"},{"extension":[{"url":"http://hl7.org/fhir/StructureDefinition/implementationguide-page","valueUri":"StructureDefinition-NoITBPatient.html"}],"reference":{"reference":"StructureDefinition/NoITBPatient"},"name":"Norweigan ITB Patient","description":"Patient based on Norweigan basis patient","exampleBoolean":false,"groupingId":"-str-profile"},{"extension":[{"url":"http://hl7.org/fhir/StructureDefinition/implementationguide-page","valueUri":"StructureDefinition-SEITBPatient.html"}],"reference":{"reference":"StructureDefinition/SEITBPatient"},"name":"Swedish ITB Patient","description":"Patient based on Swedish base profile","exampleBoolean":false,"groupingId":"-str-profile"},{"extension":[{"url":"http://hl7.org/fhir/StructureDefinition/implementationguide-page","valueUri":"StructureDefinition-extBinaryReference.html"}],"reference":{"reference":"StructureDefinition/extBinaryReference"},"name":"ITB Binary Reference Extension","description":"Extension used to be able to inlude binaries in the resource","exampleBoolean":false,"groupingId":"-str-extension"},{"extension":[{"url":"http://hl7.org/fhir/StructureDefinition/implementationguide-page","valueUri":"StructureDefinition-extListReference.html"}],"reference":{"reference":"StructureDefinition/extListReference"},"name":"ITB List Reference Extension","description":"Extension used to be able to add lists","exampleBoolean":false,"groupingId":"-str-extension"},{"extension":[{"url":"http://hl7.org/fhir/StructureDefinition/implementationguide-page","valueUri":"StructureDefinition-extPriceDefinition.html"}],"reference":{"reference":"StructureDefinition/extPriceDefinition"},"name":"ITB Price Definition Extension","description":"Extension used to be able to define prices","exampleBoolean":false,"groupingId":"-str-extension"},{"extension":[{"url":"http://hl7.org/fhir/StructureDefinition/implementationguide-page","valueUri":"StructureDefinition-extOpusBookingCategory.html"}],"reference":{"reference":"StructureDefinition/extOpusBookingCategory"},"name":"Opus Booking Category Extension","description":"Sets the BookingCategory in OpusDental. Maps to ValuSet vsOpusBookingCategory","exampleBoolean":false,"groupingId":"-str-extension"},{"extension":[{"url":"http://hl7.org/fhir/StructureDefinition/implementationguide-page","valueUri":"StructureDefinition-extOpusCryptobookingText.html"}],"reference":{"reference":"StructureDefinition/extOpusCryptobookingText"},"name":"OpusCryptobookingText Extension","description":"Special cryptated text for OpusDental Booking description. Maps to ValueSet","exampleBoolean":false,"groupingId":"-str-extension"},{"extension":[{"url":"http://hl7.org/fhir/StructureDefinition/implementationguide-page","valueUri":"ValueSet-role-codes.html"}],"reference":{"reference":"ValueSet/role-codes"},"name":"ITB Role Codes","description":"This value set defines role codes","exampleBoolean":false,"groupingId":"-term-valueset"},{"extension":[{"url":"http://hl7.org/fhir/StructureDefinition/implementationguide-page","valueUri":"ValueSet-service-types.html"}],"reference":{"reference":"ValueSet/service-types"},"name":"ITB Service Types","description":"This value set defines service types","exampleBoolean":false,"groupingId":"-term-valueset"},{"extension":[{"url":"http://hl7.org/fhir/StructureDefinition/implementationguide-page","valueUri":"ValueSet-speciality-codes.html"}],"reference":{"reference":"ValueSet/speciality-codes"},"name":"ITB Speciality Codes","description":"This value set defines speciality code","exampleBoolean":false,"groupingId":"-term-valueset"},{"extension":[{"url":"http://hl7.org/fhir/StructureDefinition/implementationguide-page","valueUri":"CodeSystem-itb-booking-categories.html"}],"reference":{"reference":"CodeSystem/itb-booking-categories"},"name":"ITB Booking Categories","description":"ITB Booking Categories","exampleBoolean":false,"groupingId":"-term-codesystem"},{"extension":[{"url":"http://hl7.org/fhir/StructureDefinition/implementationguide-page","valueUri":"CodeSystem-csServiceType.html"}],"reference":{"reference":"CodeSystem/csServiceType"},"name":"ITB Service Types","description":"ITB Service Types","exampleBoolean":false,"groupingId":"-term-codesystem"},{"extension":[{"url":"http://hl7.org/fhir/StructureDefinition/implementationguide-page","valueUri":"CodeSystem-practitioner-role-codes.html"}],"reference":{"reference":"CodeSystem/practitioner-role-codes"},"name":"ITB Booking Categories","description":"ITB Booking Categories","exampleBoolean":false,"groupingId":"-term-codesystem"},{"extension":[{"url":"http://hl7.org/fhir/StructureDefinition/implementationguide-page","valueUri":"CapabilityStatement-ITBCapabilityStatement.html"}],"reference":{"reference":"CapabilityStatement/ITBCapabilityStatement"},"name":"ITBCapabilityStatement","description":"This is the FHIR capability statement for the ITB interface","exampleBoolean":false,"groupingId":"-dyn-capabilitystatement"}],"page":{"nameUrl":"toc.html","title":"Table of Contents","generation":"html","page":[{"nameUrl":"index.html","title":"Home","generation":"markdown"},{"nameUrl":"codesystems.html","title":"Codesystems","generation":"markdown"},{"nameUrl":"extensions.html","title":"Extensions","generation":"markdown"},{"nameUrl":"profiles.html","title":"Profiles","generation":"markdown"},{"nameUrl":"valuesets.html","title":"Valuesets","generation":"markdown"},{"nameUrl":"artifacts.html","title":"Artifacts Summary","generation":"html","page":[{"nameUrl":"CapabilityStatement-ITBCapabilityStatement.html","title":"ITBCapabilityStatement","generation":"generated"},{"nameUrl":"StructureDefinition-ITBActivityDefinition.html","title":"ITB ActivityDefinition","generation":"generated"},{"nameUrl":"StructureDefinition-ITBAppointment.html","title":"ITB Appointment","generation":"generated"},{"nameUrl":"StructureDefinition-ITBAppointmentResponse.html","title":"ITB AppointmentResponse","generation":"generated"},{"nameUrl":"StructureDefinition-ITBEndpoint.html","title":"ITB Endpoint","generation":"generated"},{"nameUrl":"StructureDefinition-ITBHealthcareService.html","title":"ITB HealthcareService","generation":"generated"},{"nameUrl":"StructureDefinition-ITBOrganization.html","title":"ITB Organization","generation":"generated"},{"nameUrl":"StructureDefinition-ITBPatient.html","title":"ITB Patient","generation":"generated"},{"nameUrl":"StructureDefinition-ITBPractitionerRole.html","title":"ITB PractitionerRole","generation":"generated"},{"nameUrl":"StructureDefinition-ITBSchedule.html","title":"ITB Schedule","generation":"generated"},{"nameUrl":"StructureDefinition-ITBSlot.html","title":"ITB Slot","generation":"generated"},{"nameUrl":"StructureDefinition-NoITBPatient.html","title":"Norweigan ITB Patient","generation":"generated"},{"nameUrl":"StructureDefinition-SEITBPatient.html","title":"Swedish ITB Patient","generation":"generated"},{"nameUrl":"StructureDefinition-extBinaryReference.html","title":"ITB Binary Reference Extension","generation":"generated"},{"nameUrl":"StructureDefinition-extListReference.html","title":"ITB List Reference Extension","generation":"generated"},{"nameUrl":"StructureDefinition-extPriceDefinition.html","title":"ITB Price Definition Extension","generation":"generated"},{"nameUrl":"StructureDefinition-extOpusBookingCategory.html","title":"Opus Booking Category Extension","generation":"generated"},{"nameUrl":"StructureDefinition-extOpusCryptobookingText.html","title":"OpusCryptobookingText Extension","generation":"generated"},{"nameUrl":"ValueSet-role-codes.html","title":"ITB Role Codes","generation":"generated"},{"nameUrl":"ValueSet-service-types.html","title":"ITB Service Types","generation":"generated"},{"nameUrl":"ValueSet-speciality-codes.html","title":"ITB Speciality Codes","generation":"generated"},{"nameUrl":"CodeSystem-itb-booking-categories.html","title":"ITB Booking Categories","generation":"generated"},{"nameUrl":"CodeSystem-csServiceType.html","title":"ITB Service Types","generation":"generated"},{"nameUrl":"CodeSystem-practitioner-role-codes.html","title":"ITB Booking Categories","generation":"generated"}]}]},"parameter":[{"code":"path-resource","value":"input/capabilities"},{"code":"path-resource","value":"input/examples"},{"code":"path-resource","value":"input/extensions"},{"code":"path-resource","value":"input/models"},{"code":"path-resource","value":"input/operations"},{"code":"path-resource","value":"input/profiles"},{"code":"path-resource","value":"input/resources"},{"code":"path-resource","value":"input/vocabulary"},{"code":"path-resource","value":"input/maps"},{"code":"path-resource","value":"input/testing"},{"code":"path-resource","value":"input/history"},{"code":"path-resource","value":"fsh-generated/resources"},{"code":"path-pages","value":"template/config"},{"code":"path-pages","value":"input/images"},{"code":"path-tx-cache","value":"input-cache/txcache"}]}}