{
  "resourceType": "CodeSystem",
  "id": "csServiceType",
  "text": {
    "status": "generated",
    "div": "<div xmlns=\"http://www.w3.org/1999/xhtml\"><p>This code system http://portal.wof.purified.link/fhir/CodeSystem/csServiceType defines the following codes:</p><table class=\"codes\"><tr><td style=\"white-space:nowrap\"><b>Code</b></td></tr></table></div>"
  },
  "url": "http://portal.wof.purified.link/fhir/CodeSystem/csServiceType",
  "version": "0.1.0",
  "name": "ITBServiceTypes",
  "title": "ITB Service Types",
  "status": "active",
  "date": "2021-08-13T09:50:07+02:00",
  "description": "ITB Service Types",
  "content": "complete"
}