{
  "resourceType": "Endpoint",
  "id": "OpusEndpointExample",
  "meta": {
    "versionId": "1",
    "lastUpdated": "2021-03-13T14:33:11.391+00:00",
    "profile": [
      "http://portal.wof.purified.link/fhir/StructureDefinition/ITBEndpoint"
    ]
  },
  "text": {
    "status": "generated",
    "div": "<div xmlns=\"http://www.w3.org/1999/xhtml\"><p><b>Generated Narrative</b></p><p><b>identifier</b>: id: itbDev-colosseum-opus-sandvika, id: -003</p><p><b>status</b>: active</p><p><b>connectionType</b>: <span title=\"{http://terminology.hl7.org/CodeSystem/endpoint-connection-type hl7-fhir-rest}\">HL7 FHIR</span></p><p><b>name</b>: FhirDataBaseEndPoint</p><p><b>payloadType</b>: <span title=\"Codes: {http://hl7.org/fhir/resource-types Practitioner}\">Practitioner</span>, <span title=\"Codes: {http://hl7.org/fhir/resource-types Patient}\">Patient</span></p><p><b>payloadMimeType</b>: application/fhir+xml</p><p><b>address</b>: <a href=\"http://swcloud.fhir.link:8081\">http://swcloud.fhir.link:8081</a></p><p><b>header</b>: bearer-code itbDev-colosseum-opus-sandvika</p></div>"
  },
  "identifier": [
    {
      "system": "http://swcloud.fhir.link:8081/namingsystem/endpoint-identifier",
      "value": "itbDev-colosseum-opus-sandvika"
    },
    {
      "system": "http://swcloud.fhir.link:8081/namingsystem/primarykey-sufix",
      "value": "-003"
    }
  ],
  "status": "active",
  "connectionType": {
    "system": "http://terminology.hl7.org/CodeSystem/endpoint-connection-type",
    "code": "hl7-fhir-rest"
  },
  "name": "FhirDataBaseEndPoint",
  "payloadType": [
    {
      "coding": [
        {
          "system": "http://hl7.org/fhir/resource-types",
          "code": "Practitioner"
        }
      ]
    },
    {
      "coding": [
        {
          "system": "http://hl7.org/fhir/resource-types",
          "code": "Patient"
        }
      ]
    }
  ],
  "payloadMimeType": [
    "application/fhir+xml"
  ],
  "address": "http://swcloud.fhir.link:8081",
  "header": [
    "bearer-code itbDev-colosseum-opus-sandvika"
  ]
}