{"resourceType":"CodeSystem","id":"practitioner-role-code","text":{"status":"generated","div":"<div xmlns=\"http://www.w3.org/1999/xhtml\"><p>This code system http://portal.wof.purified.link/fhir/CodeSystem/practitioner-role-code defines the following codes:</p><table class=\"codes\"><tr><td style=\"white-space:nowrap\"><b>Code</b></td></tr></table></div>"},"url":"http://portal.wof.purified.link/fhir/CodeSystem/practitioner-role-code","version":"0.1.0","name":"PractitionerRoleCode","title":"ITB Practitioner Role Codes","status":"active","date":"2021-12-10T12:59:28+01:00","description":"ITB Practitioner Role Codes","content":"complete"}